item_id	i_category_c	i_subcategory_c
9356	5	112
5860	5	147
7162	7	106
1625	14	179
6057	14	179
4606	4	158
3687	5	67
1143	4	155
4464	12	70
1028	5	147
1811	4	158
5179	7	91
5869	7	92
8219	7	162
7835	7	107
333	5	147
4465	14	184
2969	7	92
5978	7	98
5705	5	147
1838	5	147
4433	5	190
8293	5	147
4870	2	75
9333	12	72
4840	7	102
2057	4	168
1810	12	148
3314	7	98
516	3	151
4132	7	88
532	13	175
7313	2	75
3723	5	147
8954	16	191
3266	7	88
7983	7	87
268	4	168
9116	7	190
7236	12	72
3491	13	173
1959	7	90
8537	5	190
873	13	174
1352	7	97
1272	1	13
4647	4	141
3523	13	175
6330	4	157
1798	7	190
5734	16	191
291	7	190
9292	14	179
6769	3	60
1705	14	179
2131	4	31
3331	7	89
5680	7	90
8929	13	174
6317	1	19
5187	7	92
791	3	58
4711	3	58
7642	7	190
541	10	139
8007	7	92
3083	12	115
107	4	69
6472	3	66
6063	7	90
169	7	80
4054	1	7
1753	5	192
2016	5	193
6521	7	89
4624	5	190
1992	16	191
8222	4	141
3571	8	121
7403	5	193
7135	7	190
6434	7	90
8279	4	158
8307	10	133
4317	7	106
5505	5	147
956	7	190
4490	7	190
8344	7	190
7527	16	191
2249	9	123
8697	8	116
9220	3	49
5198	7	106
6707	10	144
9026	1	6
8057	5	112
8010	5	112
7833	3	111
3250	4	141
7755	10	139
6817	1	20
986	2	75
724	13	172
6945	4	188
8130	7	162
1047	3	55
3121	10	136
2189	13	175
5812	5	193
2875	1	7
6015	7	97
5174	7	104
8999	5	193
9145	3	51
403	7	162
2446	10	144
7536	10	137
8519	7	91
6273	7	91
4405	9	124
7094	2	44
9263	7	87
622	5	147
6670	7	106
152	7	93
4418	10	133
6232	5	112
5358	3	63
6170	7	95
3145	5	192
4271	7	92
2053	3	66
3239	7	87
2543	9	123
788	3	58
1917	7	90
472	7	104
8939	2	40
4259	2	40
2197	5	2
5298	5	67
8778	7	190
6298	4	69
6081	5	112
6838	5	147
618	10	133
421	5	147
7408	7	93
1236	13	172
6246	4	141
5029	5	193
3895	12	115
289	13	173
688	7	106
4848	2	44
5679	4	141
3549	7	190
6198	12	72
2941	7	102
1505	12	70
5285	5	112
273	12	82
6325	7	93
2398	5	193
8505	4	158
1766	5	192
5219	10	38
1216	7	190
2460	1	10
9360	3	58
4325	7	106
3147	1	14
1289	9	125
2194	7	87
6712	13	175
8790	7	92
7741	13	175
8184	5	147
7208	3	58
7281	5	2
549	7	104
3257	14	179
8375	12	72
7293	4	168
1019	16	191
323	15	4
8009	4	36
3150	3	63
8232	5	190
306	7	98
8469	7	162
6363	5	192
6939	8	116
8181	3	60
4184	1	7
8153	7	89
4323	4	141
1187	13	175
5741	2	40
1303	13	175
1090	4	157
3937	4	168
1337	2	40
4443	13	173
200	7	162
6768	7	89
7282	7	101
8152	5	193
8585	7	92
1350	1	13
5894	3	59
3716	10	139
4995	7	190
6067	3	59
3376	1	8
9207	5	193
3768	7	3
9363	16	191
5129	5	67
3720	3	58
2395	7	162
1265	4	157
2014	14	179
4850	7	190
2240	2	45
2095	3	58
2072	7	87
7128	5	147
3746	4	157
5033	5	193
580	1	7
7216	4	188
3244	3	58
5981	4	158
7571	4	158
6114	4	168
4354	1	10
1859	5	193
2373	7	33
8557	4	155
7198	5	193
1089	3	59
5019	2	23
9214	3	49
4534	12	29
507	1	19
4019	7	88
3269	4	157
7170	3	58
8879	16	191
2116	7	91
7893	5	112
4672	7	107
1960	7	95
8345	5	67
42	8	119
1339	7	162
9113	4	158
1556	7	97
5015	7	95
4574	5	78
1374	5	67
192	7	92
4809	5	193
7110	7	190
8704	3	58
6208	13	187
8465	8	119
1109	5	193
8605	5	192
2038	4	157
3295	7	162
8366	7	92
1752	5	193
8212	12	27
2848	4	157
7467	7	90
901	7	97
4080	7	87
632	5	192
2627	1	13
2082	4	141
5347	5	147
2866	7	109
151	5	67
1307	5	192
6691	3	58
2693	3	151
4829	7	97
8282	7	97
3533	4	157
6075	9	124
4272	7	104
1795	1	7
9341	4	158
1852	5	190
7190	7	92
3248	7	190
7826	3	111
7267	13	172
7534	8	121
6351	5	67
216	3	58
3092	7	92
4442	2	75
1474	12	148
4352	13	175
1818	4	141
4198	7	92
3773	7	162
7532	6	160
886	8	116
8149	14	179
9314	7	101
1025	5	112
4094	13	171
1865	5	112
1107	3	51
6703	5	147
2257	5	192
2356	5	193
3017	15	4
1378	7	101
2671	5	193
7097	1	19
5500	7	104
2871	4	157
158	12	29
4698	4	157
8621	13	173
6148	7	162
3304	5	112
388	1	7
2330	7	96
9330	10	133
5176	3	60
6135	7	97
8747	7	95
6514	8	121
2787	5	147
5103	8	121
5261	3	50
7439	10	139
7914	4	158
7836	7	87
4474	13	175
282	8	119
125	7	90
4009	4	168
4631	13	175
1600	3	66
3884	13	175
1550	8	116
2649	5	112
3994	10	144
4416	4	158
7100	4	69
6999	4	155
3429	7	162
5695	3	63
2150	12	76
2106	4	158
7677	1	8
5256	7	97
1787	7	98
5878	5	147
2548	3	111
3844	3	58
5059	7	190
3226	5	147
3357	2	81
961	14	184
564	5	193
9187	3	58
3047	7	104
412	7	102
3682	10	142
6624	5	112
5442	7	88
271	12	27
5208	10	137
8614	5	147
9253	4	69
1043	4	158
842	5	78
4180	5	187
6038	5	193
6953	8	116
2458	15	4
8628	3	56
5281	7	97
2694	4	141
4366	1	13
1976	5	112
1991	1	16
8051	8	121
4781	8	116
1930	12	25
5806	7	190
852	5	147
6292	3	58
5144	3	59
310	7	102
6165	4	158
2166	16	191
3509	3	151
2886	10	47
8141	13	175
7063	14	182
4634	7	90
3117	7	87
4463	5	112
3160	7	87
6071	3	111
4931	1	13
5234	10	139
4603	4	158
3067	7	87
7516	7	100
6886	4	188
8002	3	60
1189	7	86
4279	4	69
1666	14	178
889	7	95
316	3	111
9135	8	121
4622	7	106
6975	4	158
6916	13	174
9110	8	116
9227	5	190
8941	3	61
3500	12	72
1990	3	59
7511	3	64
106	5	147
3070	10	139
6862	3	111
7430	7	98
2491	1	13
5831	5	112
3490	1	13
670	1	13
635	15	189
6543	3	48
8064	4	141
2113	8	121
2361	5	193
2129	2	40
5939	3	61
4683	4	157
2708	1	18
4406	8	119
7982	3	111
4852	10	43
8753	3	48
2326	4	158
1944	14	184
4316	10	130
382	8	119
285	4	69
7354	4	69
3062	1	18
5309	5	67
484	1	7
2337	14	179
5469	3	63
6405	5	147
2258	7	97
3654	4	69
4329	1	5
1523	13	173
4020	15	4
8458	7	89
8738	4	158
9096	7	90
8617	13	174
3158	10	136
6266	15	189
470	7	92
3939	13	175
3852	1	19
8898	4	158
5677	7	33
6576	16	191
8690	2	81
4425	7	95
1113	3	151
9357	7	106
8143	3	58
1897	3	61
4581	2	40
2845	12	70
8937	10	144
7095	5	147
4413	7	190
4635	4	168
8582	14	184
3140	7	101
5932	12	70
230	7	95
5642	13	175
6388	5	192
6112	14	179
814	3	59
6757	13	175
6053	3	58
432	5	192
4493	10	47
2388	3	61
7708	3	111
6137	7	162
1238	10	134
7651	4	188
8290	1	19
3093	7	97
1398	4	158
1608	7	88
3155	7	96
4825	1	19
9347	1	6
8117	1	15
1903	7	87
4593	13	175
9142	4	69
7692	8	119
3561	3	63
654	3	151
8111	1	7
4404	12	72
7249	7	87
1582	14	179
5843	10	134
7502	3	56
7938	5	33
816	5	147
4496	4	168
3991	4	157
7542	7	104
4137	7	97
364	7	106
546	4	158
2767	5	2
1356	15	150
2389	7	86
6379	3	52
7073	7	89
9088	7	98
4875	2	23
819	3	111
6671	1	20
3477	4	188
1123	5	67
6639	7	92
8412	7	162
1030	14	178
8482	4	155
960	7	107
9271	1	7
1186	7	107
8622	9	41
2245	3	60
7959	8	121
7920	7	106
12	3	151
9300	7	88
6234	1	15
3071	4	141
733	8	121
5169	3	50
7943	5	193
8194	10	139
8159	13	187
1080	1	7
5964	4	158
644	13	174
663	12	25
8133	7	105
6610	12	29
1610	7	190
3048	7	162
9268	15	189
2725	3	51
3193	2	40
1936	7	97
3966	8	119
2157	7	170
4348	7	99
7817	4	158
4798	3	64
8296	5	78
7767	1	13
309	3	58
6018	7	190
5921	7	162
5196	4	141
7792	3	58
6316	5	193
2814	7	162
8501	7	87
9175	5	67
699	15	150
163	4	158
3881	14	184
237	7	162
2788	4	168
9	7	97
5111	10	135
4110	3	151
8909	8	121
742	4	188
3362	10	144
8572	3	61
6655	7	33
5252	13	175
3406	3	59
3027	5	192
6022	7	88
198	4	69
2581	3	63
9032	1	20
1069	1	13
7289	5	147
2807	8	118
3247	14	179
6973	8	118
510	3	151
792	7	97
4764	13	174
6215	7	106
874	7	87
494	7	97
8054	13	173
3399	1	6
6553	2	45
5692	1	7
4483	13	187
2455	4	141
8524	8	119
6800	7	107
5657	3	58
7333	7	162
6821	7	97
655	9	41
1075	9	124
3813	4	158
4280	1	16
9152	7	98
7780	5	33
3251	3	52
4396	10	132
1638	7	97
3199	10	47
7955	7	101
1156	3	61
3242	7	87
7175	7	162
429	10	130
414	7	87
8357	2	81
406	12	70
2417	3	151
3443	7	3
7078	2	23
5486	10	144
3355	13	173
1436	4	158
1620	9	124
4263	10	142
4956	7	87
7245	1	10
7117	3	58
678	2	40
5243	7	94
2054	10	139
7330	8	120
8237	3	151
9345	10	47
6327	4	158
7126	7	162
7265	7	104
1841	4	168
2107	3	58
57	13	174
1671	5	147
1623	1	15
7881	5	2
2363	3	58
7339	10	136
9094	7	88
9060	7	95
4833	7	3
247	10	144
648	7	190
4843	5	193
5468	7	98
7978	14	179
6998	3	60
8093	4	69
4372	13	175
8793	4	31
7580	7	93
6599	6	74
2750	2	45
3281	13	172
9156	10	142
7098	10	37
7770	5	193
8341	3	66
5262	2	45
8285	7	107
2429	7	92
4224	5	193
6532	3	58
9224	5	192
5134	3	58
2621	6	187
7831	3	59
1382	5	112
3348	5	190
1966	2	187
9015	2	23
1799	1	16
5967	2	45
5694	4	157
8744	7	104
7883	3	59
5400	4	69
5224	5	190
1970	10	47
4426	14	184
5659	10	137
8817	10	139
2386	5	192
6203	7	97
2172	7	34
5838	10	137
3763	1	15
3905	7	87
6005	9	41
3833	3	58
1904	1	13
7852	7	107
4484	1	13
908	13	175
8490	5	192
2410	8	119
5552	3	53
3222	15	189
665	5	147
5599	9	41
540	5	192
8675	13	187
698	12	26
1839	1	13
6384	13	175
6735	8	120
4122	7	89
5425	4	155
4069	16	191
7297	4	158
6004	8	121
7263	2	75
2473	15	160
3677	8	121
1737	1	10
7596	4	157
4945	14	183
6413	5	192
3653	1	19
1226	3	111
726	8	116
140	10	137
2895	10	47
9264	4	141
4061	4	141
4362	3	59
8741	7	95
1718	1	7
8373	2	40
3107	5	67
4730	2	40
3486	5	193
4937	2	75
7037	5	192
7074	3	151
4117	5	193
6865	7	162
5348	13	175
3938	7	98
5098	4	157
9045	7	162
3556	4	157
1982	4	168
4437	7	162
5041	3	33
1326	7	86
7631	7	162
4797	7	162
7529	5	147
1863	7	190
6943	1	7
8831	7	162
8157	7	97
7911	4	141
4185	7	162
73	5	193
6132	4	155
5318	5	147
6295	7	101
6729	5	147
8441	4	157
8320	7	106
1909	7	162
5557	7	101
594	4	168
7686	3	60
2024	4	157
9122	7	162
8187	5	192
1489	7	110
4841	4	157
2648	7	97
7818	4	69
4619	2	40
1807	7	92
7287	4	157
8932	4	157
669	5	193
975	13	175
4856	4	155
5422	7	107
1492	2	40
1565	7	162
7284	7	162
3368	7	162
1537	7	91
4013	7	97
1071	5	112
6188	7	93
2772	2	40
1516	7	162
1933	7	93
3585	5	112
9241	4	155
3859	7	91
6103	5	147
2470	5	147
6446	4	157
2794	7	162
7380	7	86
6929	5	2
8764	7	89
5193	7	97
2600	4	141
2640	7	93
6844	7	97
1500	4	168
8384	5	112
503	13	175
6048	5	67
1498	4	157
4449	4	168
9186	4	157
6009	5	147
8180	7	97
7261	4	69
2551	7	162
1406	7	97
7736	1	16
5503	4	155
7900	2	81
1127	7	97
1083	7	105
8204	3	111
407	4	157
2488	5	79
1926	4	141
7469	2	23
4300	7	33
6847	7	92
4817	13	175
7450	7	162
6751	3	58
2418	5	67
6492	13	174
8145	5	77
923	2	40
2448	5	157
4335	13	174
4322	10	144
4109	2	81
4580	8	117
3485	4	31
295	12	72
1112	15	153
4166	7	162
7844	14	184
3567	1	18
24	10	142
5502	10	137
5595	7	106
2431	10	139
8946	15	177
1342	2	40
4267	10	130
4934	10	142
6676	3	51
3311	1	19
569	14	179
3448	13	174
191	7	162
4832	3	111
3129	2	40
4816	3	58
4034	13	172
6589	12	76
9181	16	191
4155	4	168
992	13	173
7233	2	40
6591	12	72
2192	5	190
2902	7	104
4657	10	142
5109	7	162
424	4	157
752	9	122
7649	4	141
3786	3	58
6276	15	4
750	2	40
5637	2	40
7260	5	112
8798	9	122
46	2	81
7704	12	29
19	9	41
3303	15	160
2121	7	162
2591	5	192
7981	2	45
2451	16	191
1604	7	101
1079	3	59
7886	10	142
2435	2	45
8611	2	40
3149	2	40
9283	10	144
8101	9	122
8314	10	137
7605	10	136
7127	3	63
775	10	139
4261	12	72
6720	9	41
5233	12	29
8303	10	134
5509	12	25
81	2	44
1932	10	142
1154	12	72
820	13	175
1178	5	78
8844	5	147
1655	16	191
4558	13	173
2022	2	40
620	3	58
922	3	111
8423	5	147
8182	5	112
3421	10	142
5731	16	191
6510	16	191
9250	12	29
7366	10	134
5774	4	158
6290	10	142
7905	10	144
8615	3	62
231	12	72
9058	7	97
2556	7	87
6333	1	7
5709	12	25
5779	5	147
482	1	19
3479	15	160
7619	10	142
4306	5	67
3466	10	144
785	3	58
105	10	142
1846	12	115
525	10	142
3296	10	144
8334	5	112
8112	15	4
3718	10	142
1519	16	191
8483	10	137
1099	3	111
3742	2	40
7412	10	142
861	10	144
4648	10	142
3326	10	135
6399	12	72
2461	3	111
8387	10	142
5294	12	72
8958	10	130
8593	3	65
4379	15	160
6527	12	72
4006	3	61
62	12	72
1454	10	137
1295	16	191
5372	12	72
5866	13	172
4378	16	191
906	2	40
4641	10	144
1106	10	139
3917	1	20
1710	12	72
1239	10	142
50	10	135
856	16	191
2050	12	72
3359	12	27
7500	4	141
689	10	144
8846	10	144
5861	10	144
111	10	144
3779	4	141
812	10	142
9301	10	42
7977	5	193
8175	10	142
1163	10	130
8372	3	58
3125	12	167
2980	7	24
2502	13	173
5475	16	191
4636	7	100
3721	13	173
7737	16	191
7688	10	142
5349	10	144
8395	3	65
3579	12	29
9043	3	58
2657	1	13
4666	5	112
4708	10	137
8602	13	174
2323	2	23
6556	10	142
4030	16	191
3790	10	142
2827	12	72
8577	12	72
5043	12	72
3672	4	69
5269	12	27
4427	3	111
8245	12	27
9025	12	29
4358	10	134
6128	12	25
9371	1	7
607	12	72
834	1	7
6480	10	142
222	8	116
228	10	142
7891	14	81
2198	12	72
53	16	191
4430	14	178
919	3	111
3360	10	130
2832	13	172
979	16	191
1078	3	51
8573	3	58
3514	12	72
1682	12	72
7122	10	142
5844	10	130
5490	7	87
5648	3	51
253	10	139
7858	3	111
5408	10	137
427	7	94
3204	2	45
6291	13	173
7423	10	139
7650	10	142
3657	12	72
1780	3	58
6900	5	112
1826	10	144
209	4	188
5024	10	134
7090	12	72
3724	10	137
5035	10	42
3751	10	130
6406	10	137
4739	7	87
1433	16	191
7942	12	115
2675	13	172
1409	3	64
1706	12	72
4351	16	191
5804	7	89
5295	3	151
7561	10	144
9277	10	137
6073	12	72
6122	3	111
741	10	130
2325	5	78
6491	15	128
5068	3	51
6545	10	130
3238	10	144
6636	3	59
2824	9	41
1204	10	144
3144	10	144
2280	4	157
8875	12	72
2481	10	142
3649	10	130
4800	10	130
9185	1	13
6443	16	191
6976	10	144
4822	15	85
4002	10	142
4701	12	72
3052	10	142
3003	12	25
3820	2	40
4215	15	4
5949	9	41
5192	12	72
376	15	128
8319	10	142
9099	16	191
1199	14	184
5362	14	184
3510	7	108
3676	12	25
5032	10	142
454	10	144
6192	3	59
1878	10	142
4745	10	142
4361	10	144
1457	3	51
1029	12	70
1085	7	87
9313	4	69
6408	1	13
3964	10	142
2353	13	187
4310	16	191
7578	12	115
3232	10	142
5562	3	66
7674	12	27
6619	14	178
9255	16	191
7239	10	142
8588	4	157
1211	13	173
8822	4	141
7728	2	44
7220	7	105
6881	5	78
3870	10	130
5367	3	51
3650	10	130
499	10	133
2925	3	111
2372	10	142
3749	7	106
1871	3	66
6127	3	64
2728	10	130
4012	10	144
3041	12	115
342	1	13
366	12	72
4965	12	70
1260	10	142
2430	10	130
3916	10	142
7326	12	72
8120	13	187
6181	10	142
3527	12	70
2603	10	130
118	10	142
7528	10	139
7036	12	27
6254	3	51
3012	10	142
443	16	191
4154	13	174
1133	15	85
836	13	187
110	10	137
6584	15	153
5117	12	72
8401	3	66
6339	10	137
3702	16	191
5702	10	134
8273	7	87
1015	12	25
4402	12	25
5513	12	27
6500	12	72
6196	12	25
8694	16	191
6209	5	78
2267	12	72
4643	10	134
8173	12	25
8801	15	150
5266	10	142
2486	10	134
3537	10	142
3109	10	130
1595	12	70
590	4	141
4305	8	118
2859	4	157
1248	7	104
5162	12	72
1222	13	172
1804	12	27
5181	10	130
2521	10	142
3185	10	139
2619	13	187
9325	2	23
691	16	191
4048	12	25
9048	12	70
1213	12	72
6863	16	191
4165	12	76
5320	10	130
8693	5	33
4290	10	137
9291	3	58
2426	10	142
3787	10	142
8763	12	29
4462	13	174
8356	12	25
334	4	141
2841	9	125
2860	12	29
7046	10	143
2784	3	111
4486	7	162
9024	12	156
4802	10	142
9051	10	142
795	10	139
8189	10	142
7557	10	130
6418	10	144
798	10	144
6915	4	141
23	4	168
4295	10	144
1560	12	72
5160	10	130
2052	3	51
346	5	67
8905	9	123
2515	10	137
6898	3	111
2951	12	72
69	9	41
7033	10	142
5991	10	142
4821	3	66
2758	16	191
8452	10	139
7744	12	72
9305	4	157
2645	10	142
4193	13	173
2749	15	4
2064	16	191
2532	4	157
4495	16	191
6231	14	178
6629	12	25
950	1	12
794	12	156
4481	10	130
2092	4	168
2071	12	70
171	3	56
4045	3	111
4542	10	142
8576	10	142
3802	12	72
68	10	137
1074	16	191
4324	10	139
5629	2	75
515	8	118
519	12	25
718	5	78
48	10	144
588	7	106
3446	9	126
4682	7	24
5941	10	142
5766	13	173
7712	12	70
8325	12	25
3494	14	178
802	4	141
3873	4	141
1980	12	115
5752	7	87
5798	10	144
2438	12	72
1288	12	72
5100	12	82
7429	7	87
7447	10	142
3051	12	27
8241	16	191
1384	13	172
2913	13	173
1695	10	142
1589	12	72
5582	15	160
8128	13	173
6008	10	144
8731	12	72
1456	1	21
4128	7	106
4860	12	70
2368	1	13
2253	15	128
7148	12	27
5080	10	130
8540	12	25
2691	13	173
5797	2	75
450	16	191
1564	1	14
5493	12	72
3960	12	115
2328	10	144
8105	3	66
2482	12	72
3818	7	87
4056	10	142
7924	5	78
8161	10	142
4839	12	72
8784	16	191
6607	10	142
4749	10	134
2961	10	142
520	16	191
6638	10	142
1291	12	72
5478	10	142
6816	13	173
511	3	58
6030	16	191
8359	4	141
4467	10	144
6992	13	173
2842	5	193
903	9	126
1678	3	66
404	10	130
6866	14	184
4043	5	193
3770	3	51
3776	12	72
3271	12	27
2812	10	142
8715	5	78
890	10	144
6088	10	130
1096	10	130
613	12	72
2360	9	41
21	10	137
1755	1	13
2359	10	137
2989	13	172
4509	10	142
7850	10	142
8496	10	142
17	10	133
6342	10	131
2680	16	191
7807	10	144
2741	10	144
5190	15	128
4422	15	128
7071	10	142
1925	16	191
827	10	135
4646	10	142
822	3	66
2147	10	130
4343	12	70
399	7	87
4960	16	191
8457	10	144
2855	9	123
6431	4	157
952	16	191
2055	15	150
6846	16	191
748	10	130
7484	10	144
3434	10	144
7874	12	115
9269	12	72
6489	3	58
3343	10	130
8982	15	128
7620	15	189
5544	12	25
5093	10	142
7790	15	160
8346	3	66
1190	15	153
7455	8	116
5853	10	142
9129	10	130
2565	10	139
817	16	191
2235	12	70
2971	16	191
7113	10	142
161	12	115
2743	12	27
8361	7	89
1562	10	142
4970	1	13
3908	10	137
8687	16	191
6648	4	157
7941	15	128
8244	4	141
9370	12	72
3513	10	142
1928	4	157
5713	10	142
4431	16	191
5210	10	144
5893	10	142
932	12	115
2932	12	72
2966	7	87
7748	12	72
3841	13	173
8944	13	174
3120	3	66
8659	1	7
3885	12	70
7906	12	27
8202	15	128
989	9	41
8196	10	130
6647	3	51
8214	10	142
2099	12	72
2238	13	173
7027	4	141
7077	5	78
5253	7	105
2151	10	142
545	1	12
8805	4	157
7101	5	112
4796	12	25
631	12	72
3569	5	78
888	10	144
7466	7	24
9055	10	142
3467	7	94
7225	12	72
3836	12	70
1598	10	142
6620	12	82
6544	13	172
2517	12	72
7343	10	139
9007	15	189
6468	12	72
592	12	27
6085	5	79
1637	3	51
1792	4	141
7762	5	147
8717	10	137
797	3	51
5388	8	118
7546	10	139
8860	7	106
9258	12	25
2782	12	25
2164	10	144
4594	16	191
1311	10	42
8034	10	137
7558	7	90
9361	14	184
1023	12	27
2780	10	142
7350	4	141
3743	7	103
182	12	29
6077	12	25
5787	3	111
4977	10	137
9217	7	87
8701	3	58
1450	10	137
8655	4	157
5366	3	63
3086	10	130
9106	4	157
8633	16	191
4586	9	41
7472	10	142
488	10	142
1636	4	157
3648	10	142
1088	10	139
8873	10	139
4227	15	4
3745	10	139
4620	10	42
5840	10	144
9148	10	142
3293	2	75
3402	12	27
2888	4	157
8943	16	191
8223	10	142
6207	10	130
4476	10	137
2907	10	144
2960	12	72
9311	4	69
8579	3	65
4799	3	58
6306	7	106
3484	10	130
8921	12	27
4537	1	6
3096	10	142
996	3	64
7231	5	79
6374	13	173
7723	1	13
6963	8	118
7234	12	72
7415	12	72
3942	13	175
3207	12	27
1299	10	137
288	12	72
444	10	142
1249	3	51
562	10	144
3023	9	123
598	10	142
4587	12	70
9014	10	130
2587	3	66
4996	10	130
3230	10	142
6315	16	191
7611	13	173
1021	15	128
1528	12	27
7437	12	27
7490	10	142
6377	10	139
1929	10	139
2331	16	191
6257	3	51
841	13	173
8492	16	191
5982	4	157
7882	10	137
4577	12	72
3623	12	82
6216	10	130
4460	1	13
2105	14	184
2200	10	139
2968	16	191
5539	16	191
6407	13	173
2137	10	130
7338	12	72
2351	4	141
9349	16	191
4078	14	184
5202	13	173
2365	10	142
4139	10	142
4246	7	97
4520	10	142
6242	10	142
1581	12	72
9289	10	142
1720	15	150
2598	10	137
5200	10	142
8066	10	144
3511	13	175
2981	10	144
4544	10	142
9098	12	25
7702	10	134
9358	12	27
6569	3	61
4222	10	130
8652	15	160
3164	12	27
7668	10	137
4174	12	25
4434	4	157
7304	10	142
8786	4	141
3273	16	191
6116	3	66
170	4	141
3587	10	130
3063	12	72
8674	3	51
5945	7	109
6245	12	72
868	10	135
3380	2	44
8799	15	189
3764	12	72
2707	9	123
4820	3	111
7599	10	139
3212	10	142
6511	4	141
4189	12	27
8294	10	142
7604	10	142
8968	10	130
6966	10	142
9256	10	139
4339	10	137
5744	10	144
9276	13	173
4867	10	142
2062	10	142
2537	10	144
1824	10	142
3652	3	61
6810	10	142
5438	1	13
4088	10	130
2089	10	137
8545	10	130
4066	12	72
7568	10	142
2928	10	137
5664	12	72
2818	12	72
683	10	142
1184	4	69
738	3	51
410	7	87
4042	10	130
584	3	66
2497	3	51
8027	1	7
7710	4	69
2046	5	78
1512	10	137
4459	9	126
2593	10	142
3167	5	193
5592	9	126
6117	12	72
9170	10	142
7314	15	150
8052	12	70
2080	12	27
5328	3	60
3385	12	72
6051	5	112
5889	13	172
3401	10	142
694	4	157
4756	10	142
2527	13	172
1509	10	142
8274	12	72
6937	16	191
3566	10	142
1499	4	168
5841	15	153
2811	9	41
1885	12	82
2393	15	128
4240	5	147
7879	7	103
2167	12	27
7004	10	137
6959	12	27
4528	16	191
885	13	172
7661	12	82
1314	10	133
4473	12	29
458	12	27
2526	10	142
7535	10	137
7962	10	137
1590	13	173
4964	12	27
3085	12	72
3489	12	82
5177	12	72
6585	5	193
7340	4	157
5437	12	72
735	10	144
8606	16	191
6653	10	139
6786	8	118
5292	10	142
1762	10	142
3878	10	142
2185	15	128
2301	10	142
1606	10	142
2558	10	142
6280	16	191
2396	10	130
1443	7	87
4674	12	29
9284	16	191
2144	2	40
5667	16	191
2751	3	58
8298	5	78
8252	15	128
8639	12	72
7138	7	103
2231	4	168
6631	10	142
715	3	111
5693	16	191
3706	10	144
7356	10	142
6834	12	115
225	13	172
1036	12	25
5781	4	168
5625	7	103
4149	10	137
6625	3	60
5654	12	70
568	12	29
8192	10	142
1888	12	71
5299	12	29
6982	3	64
1430	12	72
5476	4	141
8385	10	142
8352	1	21
4866	12	115
2639	12	72
1618	12	72
5133	1	7
5205	3	64
9252	12	72
1694	12	29
2442	5	112
5958	10	144
7141	10	142
4142	14	184
6241	10	142
8487	10	130
5254	4	168
6826	12	72
241	10	139
561	12	72
2175	7	92
7541	13	173
3860	16	191
1958	3	111
6105	10	142
5524	10	142
8777	1	13
7411	2	45
5139	10	142
3186	8	121
1321	3	49
4940	12	76
4880	12	72
6243	4	141
4750	10	137
7056	10	142
401	3	58
9010	14	184
6144	10	130
5317	1	7
1506	10	134
559	10	130
7574	4	158
7172	10	129
7485	13	173
5621	3	111
4869	7	162
3641	10	142
7418	9	41
6949	4	157
6567	10	42
2869	12	72
5687	8	118
574	10	142
5540	15	153
5091	10	130
2168	12	27
5498	12	115
1503	10	142
7405	10	142
3437	16	191
1730	10	137
2614	5	78
5707	10	137
8759	10	142
1856	13	172
6445	10	137
1480	10	130
3521	3	50
344	10	133
7193	7	87
8407	5	78
4373	7	87
7270	12	25
4689	15	153
614	4	158
6376	3	61
3747	12	72
1584	10	130
6230	10	137
2653	10	130
5583	10	142
5156	8	116
4570	10	142
5302	10	142
6055	13	173
5525	10	142
4245	5	67
4210	9	41
2259	15	128
4471	12	72
5423	12	72
7615	10	137
1914	16	191
5775	3	64
9050	10	137
7727	12	70
653	12	25
5351	13	187
6442	10	142
8518	3	60
3926	10	142
1777	5	78
3799	10	142
6486	12	25
6212	12	72
4283	13	173
6166	10	137
6013	10	142
5087	10	130
3436	12	70
3596	12	114
7487	10	130
860	12	25
4022	10	142
3597	15	4
5808	10	142
5782	12	72
610	4	158
3934	4	141
9205	7	103
4712	4	168
4	12	73
4904	5	113
4981	10	139
6024	7	87
4731	10	142
8016	7	103
3043	3	58
5818	10	139
7477	10	142
7053	12	70
6773	9	123
513	12	27
4625	15	128
6047	1	13
8432	10	42
832	14	184
1563	15	85
1159	12	72
2152	10	42
267	10	142
2676	13	172
6890	16	191
47	14	184
7042	3	58
2376	5	112
5227	16	191
5259	10	137
6787	10	144
4597	10	142
686	16	191
229	1	6
1052	12	27
3661	10	137
1549	12	72
6258	16	191
8126	3	111
8210	7	89
7603	10	130
7579	7	87
6713	9	126
473	12	72
1935	4	141
181	4	141
6837	12	70
8526	10	137
5480	10	142
4535	9	123
6608	7	100
9230	1	13
9246	13	172
7980	4	141
8162	7	162
2284	12	72
3646	2	40
7116	12	114
7930	3	111
2677	12	70
5959	12	72
5151	12	72
4492	10	137
5902	10	142
3843	3	50
2139	3	111
188	13	186
5661	3	58
7083	3	51
5963	1	14
953	1	13
7153	12	72
2287	10	142
3601	7	87
2136	10	142
4192	4	141
8084	14	184
1464	12	72
8785	10	142
3600	12	82
8734	10	137
6764	4	69
3619	10	144
6912	7	87
3673	10	142
8907	10	142
3029	7	88
7670	12	70
967	10	142
6023	7	106
5588	13	173
2162	12	29
197	10	144
5484	12	72
6977	13	172
7531	10	142
7246	3	111
2126	1	7
1325	3	51
3301	10	142
707	10	142
4106	4	157
7506	12	115
1632	12	27
2914	1	13
9016	12	29
3069	9	126
5433	12	29
1949	13	172
172	13	173
2111	3	111
1240	1	6
5432	10	142
7322	12	70
218	16	191
3701	10	137
9197	1	7
4063	16	191
2027	4	141
6803	16	191
7242	7	89
7308	10	142
6109	16	191
3354	4	69
8168	10	139
2698	12	114
7756	12	114
95	1	13
3463	15	128
6361	10	142
8312	16	191
1557	10	144
3394	4	141
8276	10	137
9053	12	114
1938	12	115
2984	14	178
4017	10	134
3821	15	128
8623	10	138
8263	12	70
6558	3	64
4370	8	118
5371	10	139
7342	10	133
4401	9	126
8475	14	184
9184	12	114
2178	10	137
4051	5	190
8794	10	137
6493	14	178
5794	10	142
5164	10	142
3236	7	106
459	9	126
3524	12	76
5543	4	158
7196	12	72
4445	10	131
2254	12	70
5037	10	144
1482	4	141
5267	13	173
4055	12	70
7512	10	130
9309	12	72
6490	16	191
8732	12	27
8883	10	42
4207	10	130
3736	12	27
437	3	58
1332	3	64
3617	10	42
2963	13	172
657	12	115
3066	12	72
4015	12	29
7102	13	173
7400	10	140
2552	12	25
7585	10	142
6366	15	150
1228	13	173
1395	13	172
4502	10	137
2292	7	106
4919	12	72
3235	10	142
8243	10	142
278	12	114
3769	12	29
3392	12	72
1220	10	130
6311	10	144
4743	10	142
7397	10	139
5764	16	191
2477	7	87
5310	12	72
3956	3	66
5598	10	142
6438	12	29
4250	3	60
4026	10	139
9257	12	72
3732	3	64
6185	9	126
6364	13	172
4436	13	174
8692	12	72
2318	3	51
2625	10	142
5754	12	72
8039	4	141
8353	10	142
1389	3	111
5118	16	191
682	12	115
701	10	142
2874	10	137
9324	10	142
9320	10	139
2219	3	58
1570	10	144
3633	4	141
6741	14	178
3278	10	137
8056	10	137
3111	1	7
1501	10	142
6872	15	4
2454	12	25
514	13	172
2275	12	72
1539	12	72
2101	12	115
208	12	70
3848	16	191
3412	13	172
2938	12	27
9008	12	72
8663	10	139
1892	10	137
8264	10	142
3393	3	66
7717	12	70
6823	10	142
5127	10	130
3990	13	173
5858	5	112
6501	12	76
1532	5	67
7192	10	130
7976	10	142
7499	12	72
4971	16	191
5738	10	130
4795	1	6
4140	12	72
2972	10	139
8127	10	135
1343	15	153
2864	12	115
1576	10	144
1470	4	188
8258	10	137
4234	1	6
4005	10	142
3414	10	142
7624	10	130
8503	10	130
7845	10	133
4721	4	141
3046	10	142
1400	10	130
4546	1	5
4791	14	184
8435	10	142
8188	12	76
1794	10	142
8980	10	130
5940	10	130
914	12	25
5099	5	147
6508	10	144
1613	5	193
1675	12	114
2002	12	70
2109	12	25
8632	13	172
8681	1	6
2652	15	4
8568	12	72
8256	12	25
6328	16	191
7640	12	72
2927	7	87
249	12	72
2835	13	187
547	12	72
2878	10	142
7753	10	142
4097	14	184
3531	4	141
621	5	193
2018	16	191
7323	16	191
6444	12	82
8662	12	72
7776	10	142
6417	3	50
6920	10	142
3538	12	72
6478	10	139
6068	16	191
2354	8	119
5745	10	144
2490	7	103
3396	12	72
2699	1	6
1195	12	167
2098	12	72
5965	10	142
749	7	162
4948	10	130
1170	12	156
6237	10	142
4824	12	156
5289	2	75
2670	12	70
6252	12	70
4936	13	173
5826	14	178
7699	8	116
3717	13	187
1989	12	72
2529	10	142
4861	10	142
4349	10	130
6633	7	106
4123	12	70
8103	10	142
2416	10	137
6582	12	72
1001	12	27
9335	4	69
5232	12	115
74	4	188
7079	12	72
4665	1	13
8335	3	58
1104	10	142
8350	3	66
5931	3	111
6733	10	130
3097	12	72
7273	12	70
4903	10	130
6160	12	72
1894	7	87
3031	1	13
7451	13	173
3907	7	87
3864	4	141
5449	3	111
3983	12	70
2573	1	13
1793	10	144
65	10	130
5441	12	115
2423	3	63
4758	7	162
378	12	114
2805	10	134
4028	4	141
1168	1	13
7010	13	173
2589	10	142
6766	16	191
6036	3	111
1208	1	13
8933	4	141
29	13	172
7929	10	142
1659	3	59
9285	9	126
7794	12	72
3108	13	172
1689	10	42
2415	16	191
8993	15	4
2377	10	144
4511	13	173
5749	10	144
7564	15	189
9038	10	42
6523	7	87
3550	10	130
9219	4	141
8887	10	134
221	10	130
8902	5	67
6683	10	142
3910	14	178
3534	15	128
8040	10	130
7124	15	4
5488	10	130
4766	5	2
8915	13	171
8404	12	25
1700	10	142
4278	16	191
2313	3	66
1138	12	70
3678	12	72
642	10	139
1987	4	141
1688	12	25
3478	10	142
9208	4	158
677	10	133
4976	16	191
6536	4	141
8389	8	116
2282	10	142
5545	12	72
3439	10	142
2642	12	25
3241	12	76
9240	1	22
1664	12	72
3008	13	173
1105	12	25
780	10	135
746	10	142
7803	13	172
2309	3	58
7441	10	144
1847	10	134
5184	14	178
8315	13	174
1224	10	144
3977	16	191
1014	13	173
2965	4	69
6962	4	69
2364	12	76
4087	4	141
4114	4	157
2492	12	115
4415	10	130
5948	10	139
825	5	147
5457	10	142
8990	5	112
2233	1	13
1559	12	25
1874	3	58
858	16	191
3379	16	191
4213	5	78
5832	13	173
2735	3	54
6367	12	25
2560	10	137
2263	14	184
6341	10	142
2702	10	130
3804	12	72
7576	12	27
2436	3	111
3973	10	144
4096	10	142
6864	10	130
3730	12	25
6812	12	72
926	4	69
6436	10	130
7563	7	87
8683	5	193
2000	16	191
6440	14	178
9193	12	70
3888	1	5
1371	10	142
1801	7	87
7695	4	141
2110	10	138
2182	12	25
3632	4	141
913	10	142
4173	12	72
7359	10	130
174	15	4
7107	12	72
8134	12	29
9303	3	65
3591	10	135
4949	12	72
5066	3	66
768	10	130
5143	12	72
4130	10	142
6762	12	72
5730	15	4
4311	7	87
5209	13	174
3856	5	112
7106	10	139
7336	4	157
6369	10	130
8531	10	130
3684	13	172
5762	10	142
164	1	13
4868	10	142
3445	4	69
8497	10	144
2145	16	191
4736	3	51
3371	10	135
8931	4	141
8561	10	130
2413	10	142
6756	10	142
5682	3	66
7843	10	144
8251	14	178
7989	10	135
9179	10	142
7679	12	25
4035	5	78
1183	16	191
712	10	142
8791	10	137
5650	16	191
4248	10	142
7752	7	190
5791	10	130
2801	10	144
8645	10	142
1661	10	142
3686	3	51
2207	12	72
2998	3	111
8957	10	130
9290	10	137
1567	12	25
5789	12	72
3800	12	29
5445	16	191
5213	12	25
2193	12	76
6061	12	72
4818	4	141
4285	4	69
777	3	66
4376	10	130
1857	10	137
3637	9	1
6396	1	13
5132	5	67
1136	12	27
5311	12	25
3861	5	78
2037	14	184
9149	4	141
3815	7	103
3897	5	78
1462	7	162
7144	12	29
4527	12	72
1965	10	142
2286	9	123
5720	5	112
5968	16	191
8119	12	72
3457	12	76
4099	7	106
4108	12	27
5410	10	144
3283	16	191
1102	3	66
347	3	64
6020	5	78
7328	13	173
7438	15	153
92	10	142
4962	7	106
1452	3	111
6745	12	70
5937	3	66
8782	10	142
8570	12	72
3968	7	92
1714	10	130
4676	3	58
6686	10	130
2764	10	142
8528	12	76
5743	12	72
9299	10	137
7963	1	13
939	10	42
84	3	58
6524	10	135
7346	12	76
3603	5	78
4642	7	87
2555	12	72
9249	10	142
5690	7	108
9322	3	51
2081	10	137
2349	10	137
3625	3	51
2944	12	72
7689	12	72
3300	1	13
521	10	142
2535	12	82
5495	10	142
3042	10	142
7283	12	72
6704	12	70
5819	5	78
8477	8	118
8596	10	144
9030	10	137
6668	12	72
6682	3	51
2901	1	6
7582	10	137
70	7	97
9334	3	65
7119	10	142
3334	13	172
3447	12	27
5085	9	126
5345	4	141
3825	4	141
6951	12	70
1701	12	27
1369	4	141
2336	10	142
7701	4	141
3734	16	191
6791	12	27
8538	12	115
6153	3	51
4810	13	173
4268	3	63
1901	10	142
5336	10	142
8513	4	141
7259	1	7
3130	10	144
8021	4	155
7588	10	142
5523	10	144
7902	12	29
4303	1	12
7089	15	4
599	12	72
2090	13	174
949	10	139
3364	10	137
2766	10	139
4686	8	120
4811	12	25
7824	15	85
3227	10	135
328	2	75
5236	10	142
7376	12	70
5473	10	134
5417	12	72
4846	12	72
3794	10	142
7519	9	123
1587	10	142
8842	16	191
3755	9	126
7853	10	134
8495	8	118
3375	13	173
3289	10	144
9232	12	82
7235	10	130
823	8	116
9210	3	60
1809	10	142
5863	10	144
5017	12	70
1277	10	142
1394	12	27
2347	10	137
5452	10	130
5497	12	70
2119	5	78
8920	10	142
5045	12	115
8019	15	153
2308	10	134
1302	10	137
4451	10	142
7711	1	20
5849	10	130
4655	10	137
1572	2	45
5135	16	191
7538	3	111
5322	12	163
8684	15	189
9174	12	70
4146	4	141
7550	12	25
8328	5	78
2956	12	72
2307	5	112
1254	13	174
8306	16	191
1368	3	51
2338	10	139
6728	12	72
3529	1	20
3060	12	76
2496	10	142
82	12	76
7458	7	87
3699	3	51
8776	3	66
7515	12	27
3667	13	175
2039	10	142
3353	10	142
8733	5	78
1005	12	82
3508	15	153
4543	4	141
790	12	73
3106	3	66
8797	5	190
2872	10	142
3184	10	142
7602	4	155
5997	10	130
7075	10	42
8770	10	142
1215	12	72
6126	5	78
4075	5	147
1961	14	179
6239	16	191
7572	10	139
8269	10	130
8172	10	144
8729	12	72
1851	10	142
4098	10	130
5313	3	48
5845	10	142
801	10	142
6268	10	142
3855	12	27
9180	14	178
6409	10	142
966	3	58
2214	4	141
3986	12	70
3660	3	50
6467	3	66
4447	10	142
8287	3	111
4308	10	137
7994	10	144
6391	12	27
4915	8	116
2799	2	75
3789	3	51
6672	12	72
2534	4	157
2933	13	173
8405	10	137
6072	7	87
5600	10	137
5079	8	116
4183	10	137
8828	4	157
5537	5	78
8612	4	69
3899	10	144
6801	4	31
8302	10	137
512	12	25
843	13	173
8998	12	25
6371	10	142
2489	10	130
9105	12	72
8364	10	142
7099	4	141
3100	15	85
8460	3	111
3419	7	87
8595	12	72
2513	10	42
2583	10	137
5662	12	115
2622	16	191
5631	12	70
4670	12	70
6190	10	130
6222	12	72
7866	16	191
9173	10	130
4910	10	139
7274	13	173
6649	10	137
4383	12	72
3620	12	25
5989	10	137
2825	10	139
6742	10	130
9248	5	112
7448	1	12
5728	10	137
4687	12	25
5887	10	144
4399	10	130
7918	13	173
9083	5	193
6163	10	144
2663	14	184
6288	10	142
3214	10	144
917	10	137
4845	12	72
3192	3	60
6954	10	137
4639	10	144
2068	5	79
6715	13	172
5260	10	142
3420	13	173
8220	10	139
4628	12	72
8042	12	29
8091	10	142
1882	12	115
7630	12	25
3475	10	142
6362	10	139
3998	15	4
1548	12	72
4345	10	137
6935	12	72
6758	4	69
6193	4	141
6627	16	191
2208	10	144
8171	10	130
2452	13	173
7080	13	173
4209	7	106
637	10	144
927	10	142
2701	10	144
8044	13	173
2654	16	191
2804	10	130
1485	10	130
2226	10	144
6136	1	13
628	12	72
1754	1	13
9182	4	141
6283	10	130
8765	12	70
4690	1	18
1797	16	191
2592	12	70
4243	10	130
7757	10	142
4887	1	18
1617	10	144
672	12	70
8205	10	130
1803	7	87
1739	12	25
2637	10	142
2013	10	144
1432	9	126
924	10	139
2809	3	51
3636	10	144
3846	4	141
1663	9	41
8227	10	142
2990	3	64
8083	3	111
6154	10	129
141	15	189
3340	7	87
4899	10	144
2931	15	128
1361	14	178
122	1	13
1355	12	27
3762	10	142
2923	1	19
6223	10	142
2173	10	142
8434	12	72
396	5	78
3834	10	144
8037	12	29
248	10	130
2457	5	78
6820	12	70
5906	10	135
7158	10	142
430	10	144
1038	10	142
9035	10	142
4359	10	142
6014	7	103
9041	10	137
4456	1	6
6727	10	130
5421	10	142
3564	12	72
8522	13	173
6428	12	72
5027	10	133
974	10	137
3898	16	191
5387	7	88
1996	10	142
1486	3	60
1704	12	27
2044	10	142
5763	4	141
7871	10	142
2124	10	130
1849	12	72
638	12	70
3298	3	58
6398	10	142
2447	10	142
7632	10	142
4779	10	130
9062	12	29
5711	12	72
5510	10	134
6697	5	78
219	13	186
5380	10	142
4024	4	141
8688	15	4
415	10	130
8123	10	142
4900	10	130
34	10	142
2777	12	25
9037	12	72
7884	3	64
3644	16	191
7470	10	139
3604	10	142
7591	10	133
8200	10	144
6845	14	184
8003	10	142
9235	12	76
6685	1	7
2045	12	72
8899	5	112
8399	7	87
6060	12	115
7491	9	126
7919	3	50
5288	10	142
3595	10	130
1131	12	70
9151	12	72
2885	1	12
5011	10	137
5076	10	144
7804	10	142
5194	12	25
3418	12	72
7057	3	65
6851	10	142
3671	12	115
6731	12	114
3612	16	191
4191	12	72
6538	10	130
242	12	30
8261	10	144
4251	10	142
2199	1	6
2357	10	142
5146	10	130
7422	14	184
1819	9	126
892	10	142
5077	3	111
5780	3	51
5984	16	191
7017	12	72
6568	10	144
8286	15	4
5568	12	27
2190	13	173
3923	10	142
9153	12	114
1782	13	173
6118	12	115
8138	10	142
7659	4	69
1869	4	69
4085	3	59
5444	12	72
326	1	13
2179	10	142
7351	10	137
3866	10	142
153	10	142
3455	12	72
6794	10	142
5455	12	72
361	10	142
1789	7	87
5155	3	50
3464	10	137
2424	4	141
132	10	142
8379	12	29
7271	9	126
7442	10	137
6329	10	137
7896	13	190
911	3	151
5750	10	142
3504	14	178
39	10	42
1667	10	137
8271	10	144
8792	10	130
6571	10	142
3142	10	130
9307	12	82
9251	10	142
5482	10	142
1525	10	142
9339	12	72
9128	10	42
3370	15	160
5609	12	27
3850	10	142
2397	5	112
5873	14	178
4439	12	27
1294	16	191
4734	7	106
8818	10	142
6522	10	142
2519	12	82
4765	13	172
4763	12	27
6600	5	112
3503	12	70
7637	12	27
8368	10	134
2582	14	178
3148	3	51
4275	16	191
7773	12	72
4060	10	142
7796	1	6
8333	4	69
8564	10	144
5471	3	59
3975	16	191
8470	12	27
1467	12	25
96	10	137
6091	1	12
4968	10	137
1614	10	130
2795	10	142
2682	12	25
2112	12	27
1176	10	137
4381	3	51
8386	15	4
4411	10	144
6832	12	72
4312	12	82
6679	10	142
1437	1	13
3812	10	142
7646	10	130
8013	12	25
3265	13	172
4532	10	142
5626	10	137
1018	10	142
14	12	27
8672	10	137
4046	16	191
8502	15	160
7305	10	142
7724	10	139
6267	5	112
294	9	126
957	12	72
875	2	75
6744	12	25
1770	10	42
1921	4	141
7028	7	106
9125	1	12
4205	16	191
30	10	142
6772	13	173
3229	12	70
184	12	72
5375	3	151
2246	10	144
5757	10	130
7301	9	126
7076	13	172
1478	4	141
5365	4	168
2441	4	157
2771	10	130
2881	10	137
2277	3	66
8806	10	144
1542	12	70
2884	7	94
2070	10	142
6918	16	191
1709	16	191
3557	5	112
4792	10	144
1130	10	130
6592	10	142
2384	5	193
1845	12	27
4421	10	139
7592	3	111
258	10	142
6182	12	82
8156	16	191
8963	16	191
3202	10	142
3622	8	118
6430	12	72
8301	3	60
8396	10	142
597	13	174
5915	1	13
1475	1	13
3496	12	72
2512	12	72
4412	10	142
1728	10	134
1561	15	189
1973	12	72
8970	12	72
5739	13	173
270	10	137
5447	12	72
6429	12	156
5369	10	142
7426	16	191
9163	10	142
6074	10	130
2049	3	111
8491	7	162
6634	5	78
476	10	130
608	12	72
6818	3	59
1413	12	115
7721	3	66
8000	5	78
5565	12	72
9297	10	142
5331	15	4
2550	8	117
5620	10	144
6162	3	66
496	10	142
3323	7	106
5604	7	87
40	14	81
871	12	115
2601	2	75
3006	1	13
3450	10	142
3073	13	172
456	10	130
8601	1	12
6897	16	191
7740	12	25
5242	16	191
881	12	70
4830	12	115
8062	12	115
1913	12	27
3395	4	141
1206	12	76
4842	10	139
5990	12	25
8590	3	58
7029	10	137
7464	15	189
1673	12	27
6130	12	72
5395	3	58
730	10	142
1680	10	142
402	12	25
2299	13	172
3741	10	142
7150	12	72
2514	10	142
7160	10	139
5883	12	27
2687	10	130
7174	10	138
6519	10	135
5516	3	58
6730	10	142
8146	12	73
1721	4	141
8532	1	7
6021	10	142
3082	10	139
9158	16	191
5390	10	142
7104	12	70
6675	5	112
5461	10	130
6456	12	72
5610	7	87
8589	3	111
5069	12	82
7266	10	137
8826	4	157
3675	12	27
2681	10	130
6667	10	130
7760	10	35
747	10	137
1	13	186
8953	5	78
8533	10	144
9137	14	184
6019	2	75
5342	10	144
7520	1	13
4549	3	51
7006	4	157
6028	1	12
5815	12	72
5413	12	72
9143	10	142
1308	4	168
7026	12	76
3328	10	144
729	14	179
5919	10	130
1526	12	27
556	5	2
1247	15	160
3263	10	133
2876	13	84
8079	10	130
4113	10	137
2083	10	130
7292	12	29
6199	12	167
8370	3	51
2870	13	173
1626	12	82
1263	10	130
6781	10	142
7065	12	72
2227	7	106
8506	12	32
4144	10	142
9066	10	137
5823	12	29
2033	15	160
1323	10	137
3356	15	128
3526	10	130
7275	5	193
2392	15	4
898	4	141
3182	10	144
652	15	153
7156	10	137
3126	10	137
6541	1	6
2919	12	27
6948	10	130
2722	5	78
5564	3	111
4135	9	127
5199	3	58
7805	3	58
3933	10	142
4592	12	72
4783	10	142
6557	8	118
7593	10	137
7302	10	142
5722	4	141
5434	10	142
4519	16	191
8977	10	142
5268	12	72
3783	10	137
8897	10	142
5071	12	70
4182	13	176
5645	12	114
5329	4	157
7732	10	137
4121	3	66
2202	3	51
717	10	130
8086	10	137
2115	3	49
6882	12	72
2335	12	115
1397	12	70
3765	10	142
5704	13	172
1711	12	72
1049	12	70
8647	16	191
6520	4	141
8493	4	168
299	4	141
5511	12	72
3403	10	142
1119	3	66
1196	9	126
784	4	141
6235	10	139
6025	12	72
3710	13	172
9215	7	106
8265	1	13
9318	12	72
5153	12	72
4156	4	141
8077	10	142
1758	3	111
1763	12	27
4733	10	130
3372	10	142
8321	10	139
9087	10	137
5363	10	144
6375	10	142
5880	10	130
5042	12	72
5439	3	66
259	13	172
5548	4	158
4567	13	172
5290	9	126
2942	10	142
1908	3	66
2883	3	66
5710	12	72
7747	10	142
5049	12	72
7815	12	114
8972	7	87
7121	10	137
5492	12	70
4614	12	25
1167	10	142
2710	3	58
938	5	193
3519	3	50
2770	10	142
185	3	111
8938	10	130
9238	12	163
6104	10	130
4382	7	90
6799	12	163
4226	12	72
8018	10	138
1273	3	66
1126	10	130
1110	5	67
2616	4	141
6946	1	7
3946	1	7
7764	10	130
2	7	103
2261	1	18
3911	13	173
2954	12	72
3004	12	70
1940	10	144
6615	10	130
4705	4	141
5536	13	173
6919	10	142
4440	10	137
397	12	82
3737	10	130
2445	10	142
8620	14	178
1425	12	72
8449	12	29
5356	12	72
3593	13	186
2917	1	13
2414	10	142
2047	10	144
2298	9	126
1177	10	144
6989	10	142
6813	16	191
8718	12	29
3542	10	142
1392	16	191
2031	9	126
2096	12	70
1174	7	87
4077	3	111
7431	12	29
6101	12	27
3880	16	191
5141	3	151
2516	1	7
945	7	87
5386	15	128
920	10	144
3024	14	184
4079	10	137
8696	13	172
6278	10	137
6487	4	141
6202	9	126
8374	12	72
7176	12	72
8116	7	104
4972	10	144
6621	13	172
8807	16	191
6016	7	94
2205	10	130
2174	12	72
6565	10	47
6701	12	25
25	12	70
7011	16	191
9132	10	137
6305	10	130
7201	12	27
1453	4	31
5272	4	141
1201	5	78
7185	7	102
3784	10	142
6087	10	137
3541	12	27
9190	10	42
2651	12	72
2006	12	72
2945	10	142
2863	8	118
6606	12	72
367	15	128
5882	3	58
7206	10	144
7868	10	142
8511	10	137
804	10	142
8758	10	144
551	13	173
8843	4	141
1494	3	56
1616	12	72
2075	10	130
7443	3	51
4104	14	184
8020	12	27
2568	10	144
1262	12	72
7131	4	157
3428	10	139
7690	10	144
3171	10	142
4955	10	142
313	4	141
7927	12	29
7486	5	78
6831	12	72
178	16	191
3327	9	123
7465	3	51
2271	12	72
6596	3	58
7703	1	7
948	12	72
5972	10	130
5004	7	94
6477	10	137
9111	10	130
4805	4	69
6307	16	191
5517	12	70
7939	15	4
1889	10	133
5123	10	142
5414	12	114
7975	15	128
6458	12	82
5803	10	137
2606	10	142
8295	12	115
3156	10	144
2756	4	141
5668	10	130
9020	13	172
7327	12	72
6575	12	25
1285	2	75
3865	7	107
6917	4	31
349	10	130
9364	14	184
6236	12	25
123	12	27
7971	14	178
5824	12	82
7421	10	139
98	12	72
3128	12	72
9338	12	70
7478	10	130
1197	10	134
2997	12	72
6187	9	41
6891	12	73
7048	10	134
359	16	191
8278	13	172
9092	10	139
99	3	51
3061	10	137
7838	12	72
354	14	178
2586	10	130
250	5	193
3634	10	130
851	15	160
2910	12	72
1466	10	130
1068	10	142
6297	12	115
6296	10	142
51	1	13
9070	10	130
3133	12	29
2688	12	72
370	12	72
2483	4	157
7842	9	123
6597	16	191
6779	12	25
5249	3	51
3584	10	144
2857	1	12
8114	3	66
7629	10	142
3032	15	128
2506	15	189
4387	10	137
5611	10	135
8757	13	173
2679	12	82
4515	10	144
9366	12	25
3959	10	144
5817	10	142
1886	7	87
6401	10	130
1757	10	142
7386	1	13
536	12	25
4695	3	59
2125	10	135
7675	12	72
5617	13	172
3892	12	72
2715	12	72
2499	10	144
6412	12	70
5293	12	73
6151	9	126
8719	8	116
3553	10	137
2463	12	25
340	12	72
405	12	72
8075	10	144
4925	2	45
4993	10	142
2315	4	69
1424	10	130
9074	13	175
916	4	141
2530	12	72
758	10	139
1210	13	84
3606	10	42
5030	10	135
4596	4	141
89	12	72
3279	13	173
1316	4	141
6814	7	108
6535	10	130
1039	12	25
7221	16	191
8257	10	142
2211	10	137
7202	13	173
3530	2	40
1967	12	72
2097	10	137
8878	12	72
4725	12	82
465	12	70
2760	10	137
3001	10	142
3470	5	147
8340	10	135
8979	12	27
8190	1	6
5350	12	29
6309	15	4
6944	2	45
4229	16	191
891	12	72
3611	3	111
2953	10	142
8927	14	180
7964	10	142
8088	2	44
2604	10	137
3760	10	142
1743	10	137
1065	5	78
1861	10	142
2628	12	72
5531	10	142
4884	10	142
7453	10	135
2692	1	13
7834	3	65
7285	13	172
6983	12	72
1266	10	134
8267	10	137
2143	10	142
6924	10	137
6279	16	191
3206	3	61
6033	2	187
6011	12	27
317	10	139
8997	12	72
1484	12	82
1451	10	142
8509	10	142
7497	14	185
9091	10	142
5538	12	27
7904	3	111
6120	12	29
2312	16	191
8856	10	139
8677	10	142
1788	12	72
6748	16	191
8691	12	29
9348	3	59
4987	14	178
4298	13	174
7298	12	72
6896	12	82
1670	12	72
7024	13	173
2464	3	66
9321	3	111
1813	12	72
8048	3	65
8108	3	64
7051	7	106
8810	12	156
1760	10	142
318	10	142
7899	4	141
1257	10	137
2829	12	72
5740	10	135
6056	10	129
1765	12	27
7819	9	126
680	10	142
1145	5	78
475	4	141
6581	10	134
6785	4	168
8045	10	139
5248	10	144
4709	10	142
263	10	144
7551	12	72
5699	10	137
8983	1	6
2218	7	87
3985	5	78
3669	3	58
4893	14	179
8804	12	72
8586	7	97
3459	12	72
3889	12	163
7577	16	191
7064	12	72
1158	10	142
2142	12	70
5790	4	158
3261	5	112
982	3	111
7508	13	173
1868	4	141
1768	10	142
8859	12	25
2316	12	72
4062	15	4
7846	3	61
5856	9	126
5765	7	87
1388	10	142
2367	12	72
6359	4	157
6102	10	130
5131	1	13
1290	10	130
8992	15	128
483	10	142
2623	12	72
4294	2	75
5835	10	130
4826	10	142
8001	10	42
4284	5	112
9069	4	69
3577	13	187
4906	10	137
887	12	25
1734	9	126
1351	14	184
7607	4	141
2575	12	25
4723	12	72
5494	10	144
1171	12	72
1717	12	72
4025	16	191
990	10	139
4724	10	137
130	16	191
710	10	142
5000	4	158
3819	10	142
6496	10	137
4600	10	137
45	10	142
2341	12	27
1086	7	87
6441	10	134
7714	12	26
3233	4	157
2399	4	69
2820	12	72
5896	3	111
1774	10	130
8924	1	13
7743	3	66
5424	5	112
4538	14	184
5735	12	156
159	13	173
5276	1	13
6387	14	184
1135	10	135
1416	7	108
5355	16	191
8858	12	72
8259	7	87
7009	12	156
224	10	142
441	12	27
2952	10	142
6947	10	144
2828	12	72
6979	10	135
6669	12	82
2522	5	113
5875	12	27
4488	13	172
2400	7	190
3079	1	7
4100	7	105
7378	12	72
2204	15	153
969	10	130
6577	13	172
3838	3	61
9161	4	157
5382	4	157
10	10	137
4718	14	184
6107	10	142
8026	10	130
9319	10	137
9287	12	27
381	12	27
8904	12	27
8613	10	142
3759	9	123
1652	10	130
4299	3	66
1310	13	173
8553	12	27
293	10	142
2776	12	29
4902	1	12
8754	5	78
2893	12	72
7454	1	13
981	7	87
5287	13	172
4199	10	142
1981	10	137
5776	10	142
6563	12	72
3875	13	172
2028	10	130
5148	10	142
3267	1	13
252	1	6
803	7	87
1657	7	106
8310	10	137
7388	3	51
5159	4	157
8485	10	137
7601	15	160
6200	12	72
8665	10	144
9101	12	72
7086	10	130
7769	12	70
1952	10	142
646	7	97
3700	10	144
7993	16	191
7161	12	25
3714	12	72
1723	16	191
1802	10	142
5097	2	40
3409	7	106
5121	10	142
5073	10	142
4526	10	142
1059	10	130
2577	4	157
2128	10	142
4148	9	123
3292	14	178
8552	3	66
951	10	137
7115	10	133
5050	12	72
1955	10	130
4027	13	172
1800	12	72
6740	15	4
1221	5	192
9247	12	115
5188	3	51
7606	10	130
4894	15	128
4584	10	137
7248	10	142
1679	12	76
2362	10	142
1472	5	112
7362	10	144
722	12	114
4423	10	134
4208	10	142
5250	1	13
239	10	137
1547	3	66
7926	10	130
2736	3	51
6424	3	58
6274	7	161
604	12	27
5229	10	137
6763	15	4
5554	10	137
1727	12	72
6760	5	78
481	16	191
2334	8	116
6395	3	66
5339	12	72
5399	10	144
4158	12	27
1691	12	27
5987	12	72
8017	12	115
384	10	142
6158	12	114
4831	12	70
8489	10	138
5373	10	142
5308	10	137
5788	10	137
6888	12	27
6840	7	87
1255	10	42
661	12	70
7474	10	142
4057	10	130
3740	10	142
455	10	130
6459	1	13
3551	10	130
26	16	191
1140	10	142
2667	5	2
4879	10	142
1530	4	188
6601	14	184
5903	10	130
2352	16	191
4815	16	191
101	10	142
2017	12	25
3949	12	72
2815	10	144
1844	12	72
7783	3	151
5634	10	139
4297	2	75
6807	12	72
1708	13	173
6942	14	184
6356	13	173
2849	13	173
457	10	142
6878	12	27
8090	10	142
280	4	141
4554	13	173
9266	10	142
3138	10	137
6142	12	72
2531	10	142
5239	12	27
7345	3	66
704	12	72
7614	10	139
8125	16	191
1053	10	139
1426	13	174
2196	12	25
8421	10	137
9201	12	70
1611	12	76
1358	14	178
6498	10	142
1336	4	155
8229	2	75
31	10	142
7300	16	191
3806	12	72
1410	15	128
5001	10	130
4761	10	142
965	15	85
8660	10	142
4388	1	17
4569	7	102
6933	12	163
6736	12	27
4873	10	135
727	10	142
3580	10	137
8521	10	142
335	10	142
8235	10	139
2387	10	142
9061	13	173
5081	16	191
4107	12	27
4952	12	29
5850	10	142
1597	12	70
1056	12	72
6338	10	130
5150	3	111
8451	12	72
2706	10	142
3984	10	137
9085	10	142
15	5	79
6093	8	118
6393	5	67
3727	16	191
5718	4	157
6046	3	66
9150	12	27
2247	10	130
4685	10	130
9029	12	25
991	4	141
8284	15	128
2066	14	81
2754	10	137
136	3	66
2607	4	157
5768	8	116
3781	10	144
5107	12	72
8468	15	150
4504	10	142
857	10	142
1439	10	142
4808	10	142
3404	5	192
4785	12	29
251	12	25
6617	10	144
4281	10	135
719	10	139
6752	13	173
3280	3	51
1066	10	137
134	4	155
8653	12	27
8317	5	147
7475	5	193
223	12	114
8398	15	189
9245	12	25
8471	7	102
675	5	112
3713	12	70
5663	16	191
4847	4	157
6572	3	58
244	13	173
8478	10	142
5566	10	130
2127	12	156
9274	7	105
6552	12	114
391	4	157
7758	12	72
3339	15	160
1421	10	130
4583	16	191
8160	10	137
7258	10	133
8749	10	139
6765	10	142
6320	8	116
3754	10	130
1744	10	130
7966	10	142
6404	10	144
4776	12	70
3098	4	141
4389	2	44
2191	15	160
3208	12	72
365	13	174
959	15	160
7050	16	191
3902	3	50
2955	12	76
7389	15	128
567	16	191
534	12	27
4203	10	142
435	15	128
7136	3	58
2085	13	173
5795	12	72
3651	16	191
1978	12	115
8543	10	130
6692	5	67
985	12	114
2851	10	142
9350	12	114
7663	10	142
2225	12	72
8254	10	47
1058	12	82
3426	16	191
6034	14	178
6656	15	128
3427	3	111
5172	12	25
1923	10	137
2564	12	72
8065	1	13
4653	9	126
6595	16	191
3609	10	134
3342	12	72
214	10	142
4365	10	142
8578	4	141
6695	12	70
1026	13	172
9012	12	72
28	5	112
6555	12	72
300	10	142
806	13	173
7091	10	142
9351	3	66
3842	10	137
2541	12	72
6204	13	172
7849	12	27
7111	4	157
7960	5	192
6381	10	134
6176	3	58
7823	12	25
8678	10	130
7680	5	112
756	10	142
128	4	158
4221	12	70
2217	10	139
6277	12	27
4071	15	128
6106	12	156
4557	12	29
4769	10	142
1544	10	144
3308	10	142
4131	4	141
72	10	137
4669	10	142
4663	3	51
1000	10	137
928	10	142
4238	3	58
4288	5	67
6010	10	130
4654	13	173
2155	3	151
4231	13	172
5529	10	142
3028	10	142
7432	16	191
1622	10	137
3104	12	72
8289	10	144
555	5	193
4395	10	137
6195	12	72
1202	12	72
6743	10	42
1612	10	130
5701	10	133
6125	10	137
2268	10	130
6253	10	137
8882	10	137
1642	12	72
7069	3	58
1070	10	137
303	12	72
7219	12	76
6513	13	173
8649	4	157
1816	12	72
4626	10	137
3460	12	25
4917	12	29
7925	10	142
5801	14	169
8515	12	163
7081	10	144
4053	10	42
5535	1	17
4039	3	111
2304	10	139
3456	10	142
187	10	142
4457	12	72
8342	10	142
6439	4	141
7358	10	42
4044	10	42
7181	12	27
3014	14	184
2920	5	193
7974	5	190
8556	1	7
3423	10	142
7471	15	128
8516	10	142
8024	16	191
1515	15	150
3090	10	142
8377	12	72
3089	10	130
3197	10	142
8442	10	142
7987	5	112
2810	12	163
302	10	142
203	9	124
298	12	72
5900	4	69
3424	12	72
5207	16	191
3347	12	72
6427	10	142
4126	12	72
8030	10	142
9365	12	70
4563	12	114
1192	10	134
3614	12	27
771	12	27
811	10	137
2540	12	72
3874	12	71
7609	3	61
3174	10	137
116	3	51
1219	10	144
4176	3	59
1827	5	193
126	3	64
5913	10	142
2291	13	173
6414	12	70
6678	12	156
4777	15	85
2790	10	142
8207	10	142
736	10	136
3065	10	130
5251	7	97
6613	10	42
3154	12	148
8619	12	72
4419	16	191
7954	3	58
2905	2	40
8567	3	61
4052	3	58
5368	12	72
2311	10	142
824	12	72
9000	9	126
9075	10	142
4239	10	135
3854	12	70
4247	4	158
3777	7	94
1833	12	72
7312	5	193
1434	3	64
2746	12	70
7594	10	142
1831	14	184
3624	14	184
2412	7	87
8651	10	130
531	12	27
4612	10	144
4984	12	25
3518	10	139
7316	10	142
195	10	142
5343	10	142
1082	10	130
8591	10	130
6173	12	72
3758	4	157
1440	16	191
1381	10	142
3995	10	142
796	5	193
1994	12	72
530	7	104
7586	10	144
27	10	144
3752	15	4
5555	10	130
8174	10	142
7129	8	121
5448	12	29
942	16	191
7945	10	130
6250	3	111
8745	14	178
4562	9	1
4604	10	142
4694	1	13
6932	10	139
3572	10	144
2213	10	131
1407	12	165
7961	8	117
162	14	178
5352	12	70
4529	10	130
3026	16	191
5820	12	72
1628	10	137
3903	15	85
3143	10	137
4269	10	137
8974	10	130
5912	4	141
6708	3	51
7483	9	126
7565	5	78
1543	10	137
7628	12	25
6027	10	142
8500	14	184
4237	10	137
4838	12	25
7856	12	70
3685	10	131
1231	10	142
7683	10	142
5183	12	72
2781	12	25
2975	12	72
3020	3	50
6111	10	142
2059	12	72
6462	2	187
351	7	87
7940	10	144
4819	16	191
3405	12	25
8544	10	130
2791	1	13
5793	9	1
4629	10	142
3544	12	72
2783	12	72
8962	10	142
2243	10	142
3703	4	141
6750	13	173
1934	10	142
8355	12	72
7044	10	142
7001	10	142
1147	3	66
8283	10	142
4794	10	130
7372	3	66
1300	12	29
7020	1	5
6870	12	72
3175	12	72
6256	7	86
8722	12	72
1268	10	137
8425	10	133
372	10	142
4605	10	130
7227	16	191
5163	12	73
2339	12	72
6471	3	66
1091	10	142
7509	10	142
8413	10	130
4920	12	27
345	12	82
6967	10	137
9001	1	13
9127	1	13
6062	3	61
8339	12	70
5175	14	184
6150	13	173
7722	10	42
3373	3	48
2060	1	13
3122	15	128
745	14	184
5040	12	29
522	10	144
7608	10	137
5225	13	172
7697	5	78
6039	10	137
8381	5	78
1151	10	142
6506	5	112
7355	10	137
6594	7	87
3134	10	137
7416	15	4
8685	12	76
6684	12	115
3573	3	111
4732	10	142
587	3	66
7766	12	114
6301	12	72
1677	4	168
8163	15	4
3629	10	130
3951	10	134
154	16	191
8059	10	144
1822	12	72
9191	12	82
8884	10	137
4102	12	72
6716	5	78
7399	10	142
5892	7	24
636	16	191
6978	5	78
9188	10	130
5426	12	27
7547	3	58
6302	10	142
3260	7	92
8304	12	72
508	12	114
7146	3	51
1461	3	66
1510	16	191
1735	12	72
7816	10	142
6095	10	144
1571	10	142
8281	12	72
155	10	142
8950	12	115
7228	10	142
1007	4	157
7410	1	13
6564	1	13
5063	10	142
8636	12	25
7187	10	142
2524	13	172
7648	12	72
6909	10	152
5485	10	139
4391	10	130
8973	12	25
711	10	142
5211	14	178
4033	7	97
7493	10	144
6630	12	72
8420	16	191
8868	5	192
8380	10	130
6147	10	137
1858	12	70
2255	16	191
5406	12	76
1533	12	70
6464	5	112
6156	14	184
8597	8	116
8338	15	153
5215	10	139
1182	13	172
2588	2	128
6092	5	78
3223	10	137
1574	16	191
8131	10	144
1834	4	157
5454	12	76
63	10	142
4287	5	78
1605	3	58
955	10	142
9295	3	51
554	13	173
6869	12	72
2469	13	172
4037	10	142
5570	12	25
3890	5	78
2343	10	142
168	10	137
2302	10	139
5460	12	72
7218	16	191
895	12	25
8708	12	70
5546	15	4
2427	10	142
377	15	128
2153	13	172
7562	7	106
3177	10	144
2051	12	72
7970	16	191
9131	10	135
1134	10	142
7311	10	137
1997	12	72
5003	12	27
639	10	139
5385	15	128
4735	12	28
4693	7	103
504	10	144
4974	8	116
2987	5	112
1767	13	172
6483	10	142
8978	10	142
3318	10	142
6815	12	27
4093	12	72
124	10	135
2599	10	134
7984	10	130
3929	9	126
9362	3	151
5999	1	13
3967	10	142
3692	12	25
8752	10	142
3756	12	27
1579	13	173
6281	10	142
7155	12	70
183	3	51
8430	10	137
2206	16	191
1522	3	51
1476	12	27
7296	3	51
1731	10	142
7264	12	76
1120	10	142
193	10	144
4589	10	134
2310	12	25
55	10	142
6285	5	147
9022	10	42
5586	4	69
6652	12	70
4703	4	168
1937	10	144
3432	13	173
7700	12	27
1742	12	72
7554	12	76
4164	10	42
1942	15	4
4262	12	72
1111	10	137
5867	13	173
6286	12	29
3574	10	130
7394	12	72
630	10	130
1502	12	70
1301	1	13
9165	10	142
5865	16	191
3118	12	27
1390	10	144
6603	4	141
2029	10	42
5008	1	13
266	10	130
1830	12	72
4864	12	72
1520	3	64
958	12	115
7822	12	72
6792	7	162
776	9	1
104	1	13
7811	15	128
2288	3	54
3683	7	94
8177	10	130
7211	1	13
2911	7	89
762	12	115
2721	13	173
175	4	157
277	16	191
2597	10	135
8964	12	25
2731	14	178
3997	13	173
6588	13	173
4939	10	144
5681	10	137
6470	12	156
5306	13	175
5584	10	144
1583	4	69
6993	12	72
1615	16	191
8132	3	59
7295	10	137
5983	12	70
3944	4	157
2076	15	4
3788	12	70
2847	10	142
2638	12	25
8948	3	66
7369	12	72
1349	7	106
5301	10	135
3957	10	137
7229	12	72
3728	15	189
5847	4	168
7189	13	173
6722	10	135
6574	12	27
6065	10	130
2056	3	51
4966	12	25
9192	10	137
8880	4	157
6910	12	72
8394	13	173
8965	10	142
3882	4	157
7847	10	142
2643	10	142
436	12	72
8260	12	72
5108	7	87
9119	4	69
611	12	72
4072	1	18
3135	10	139
9073	12	29
4609	4	168
2203	12	72
5122	12	29
2425	10	142
3900	1	13
716	10	130
4112	12	72
3397	10	130
1072	16	191
605	12	115
8041	12	72
3665	12	72
2792	12	163
5639	10	139
5520	12	70
5283	10	142
8949	10	137
6461	16	191
6914	10	144
4877	16	191
2478	4	158
4872	13	175
3442	13	173
4991	4	141
2915	1	13
8337	4	158
8634	2	44
7782	3	50
6981	7	94
2419	1	13
4673	1	13
1280	12	115
6871	12	72
9141	10	144
2897	15	189
7761	12	72
5415	10	142
7665	14	178
1051	10	142
4714	10	142
3525	12	27
6839	12	25
1214	14	184
7199	9	126
7573	4	141
4212	12	27
9234	2	75
7682	12	27
7402	10	139
5324	1	13
1759	12	72
375	5	78
8896	12	115
6991	10	130
4912	13	172
2251	10	142
144	13	172
5026	10	142
740	15	4
2662	1	13
6843	10	142
2405	10	130
5890	10	144
3141	10	142
2918	10	134
7660	3	58
7935	9	123
6775	12	27
5314	10	137
1003	9	1
5954	13	174
8393	4	69
3592	12	115
6894	13	173
8233	12	27
7523	10	142
6892	10	142
6355	12	72
8014	10	142
5993	12	76
7492	1	7
6452	10	137
1651	10	137
7058	12	70
440	1	13
1713	12	72
196	10	142
7715	10	137
2003	12	115
5761	3	65
5125	1	22
2823	10	142
7937	12	72
4775	15	128
4983	12	27
7848	10	130
5102	4	141
1685	13	173
7230	10	139
1447	7	94
1746	12	114
6828	3	66
5031	12	72
6968	15	153
5062	10	142
4506	12	70
7237	10	142
1067	12	72
6026	12	114
6152	15	128
9134	16	191
4233	12	27
6240	12	72
9206	9	126
810	12	70
3927	10	142
8956	12	70
3581	10	142
3188	10	142
9178	10	144
9072	12	72
2108	12	27
1775	12	70
8186	13	172
6394	12	70
3176	10	130
8450	12	156
2617	12	76
115	12	72
1401	10	137
709	12	72
5257	10	144
9013	10	142
341	10	142
2262	1	13
6747	15	128
3711	15	153
8154	3	151
6064	10	134
921	12	82
5541	14	184
1956	10	130
8216	12	72
5929	10	130
1076	5	192
8827	9	123
4541	1	20
6971	12	115
8667	12	72
8852	5	78
3408	10	135
548	4	141
2789	10	142
5770	12	70
2404	12	27
3735	13	173
846	3	66
3387	12	27
7910	15	128
2409	10	130
8397	3	57
7876	7	87
1114	12	72
1121	10	142
7377	3	66
1116	10	137
6321	12	29
3948	4	157
4980	10	139
6611	7	87
7947	4	69
1063	3	51
5022	12	156
7379	5	193
5487	5	78
7633	10	137
6308	12	72
1842	10	130
1027	12	72
1251	4	141
1729	4	168
1521	10	144
4975	12	72
7401	13	172
275	10	142
4774	16	191
5542	12	72
6836	10	142
8637	10	137
2737	2	75
3958	10	144
1431	16	191
7255	10	130
9047	12	72
5398	10	144
389	16	191
9259	10	142
6709	10	130
8803	4	168
1180	10	42
3243	12	72
2242	16	191
679	12	72
7543	12	27
7544	4	69
3826	3	51
7953	10	142
5064	16	191
5848	10	137
3215	16	191
7709	3	61
9239	2	75
6883	15	160
8926	12	70
5649	10	139
3817	5	112
6660	10	130
5506	12	72
4255	1	13
2146	2	44
8226	10	130
7505	12	72
8005	3	111
3750	10	130
1779	2	75
1490	12	114
4927	3	66
6124	12	115
2025	15	128
5747	10	137
7151	12	72
4084	3	51
8410	10	130
1963	3	50
7986	4	69
8569	10	139
1334	12	72
5120	9	1
4346	12	70
6680	15	128
7087	12	72
7309	10	130
1784	12	72
5376	12	114
7209	10	142
262	10	142
254	10	42
1684	10	130
3576	12	73
5446	10	142
8823	4	141
7950	12	70
8107	3	61
4957	10	144
8919	3	61
2946	12	29
1435	16	191
3476	10	142
5067	7	87
859	10	144
4228	12	72
8225	14	180
9006	8	116
4333	13	172
3731	10	142
5970	7	108
8886	10	130
3010	1	13
4159	9	123
4630	10	144
5886	12	156
4145	1	13
3059	10	130
8604	12	82
3231	12	27
9272	10	142
7068	13	172
1329	13	84
2779	10	135
6528	10	139
8618	3	66
2798	12	72
6485	10	142
2724	16	191
5943	3	111
7518	13	84
8850	10	142
5672	10	144
6753	10	130
3893	3	111
7444	12	70
6795	7	87
3299	12	29
702	10	137
6796	3	66
1977	9	126
6550	10	130
8121	7	87
2734	16	191
1835	12	72
2926	15	85
8742	14	178
2752	3	60
76	12	25
8641	12	114
4954	7	89
8354	12	29
7913	9	123
199	5	112
4531	7	87
909	10	139
6382	10	137
8178	4	69
5047	12	72
4517	12	27
3981	1	13
4432	16	191
2697	3	51
5330	9	126
2584	10	137
5914	1	13
2091	10	142
4928	5	78
8331	13	173
2391	16	191
4516	3	58
4664	10	130
5871	12	72
9005	10	142
5401	7	87
6017	5	190
3064	10	144
2134	10	144
469	5	192
1164	10	142
1041	14	184
2004	10	130
6259	12	72
8253	3	61
1235	1	18
6078	4	141
1773	10	142
4576	12	82
3805	15	85
1445	10	142
6229	10	137
3824	10	135
5126	10	142
9133	10	142
7533	10	137
660	4	141
5724	5	78
4803	10	130
3548	10	130
5901	10	137
6905	7	98
7825	12	72
7623	10	137
6143	10	137
4652	3	111
217	10	142
3982	12	29
6340	15	189
1155	12	72
2898	12	72
6530	10	142
1653	12	72
3351	10	142
7829	12	25
6449	10	144
1370	10	142
5238	4	141
5526	10	130
7337	15	128
1117	12	72
9242	10	130
5732	10	130
7734	10	139
308	12	72
467	10	130
6539	1	18
502	10	137
7481	10	142
8775	16	191
6119	10	137
3333	12	72
565	5	78
6616	5	193
6936	3	51
1362	12	114
8893	12	29
4897	14	184
3286	15	128
4023	3	51
3971	10	137
1016	12	72
5660	12	25
3454	3	58
674	10	142
1656	14	184
8129	10	137
5683	10	142
4235	5	78
2278	15	128
714	10	130
4807	12	72
3943	15	4
3123	10	130
2892	10	142
3501	15	189
5576	12	72
7664	10	130
4070	12	27
327	10	137
1875	10	139
8089	12	72
4963	3	58
3270	10	142
1372	10	142
4801	10	142
708	5	112
3170	10	130
3398	12	72
1947	10	130
8630	3	66
998	12	72
2508	16	191
5917	4	69
3896	10	139
8049	3	58
438	1	13
9140	7	89
4092	15	4
2221	12	115
3099	10	42
4105	10	142
5579	16	191
486	15	160
7224	3	66
4953	10	142
7060	10	142
3196	16	191
8699	3	58
369	9	126
5962	4	141
6902	10	134
6988	13	173
6802	10	142
8736	10	142
1115	16	191
4710	10	130
6432	10	134
617	15	189
6509	10	130
6346	10	130
3729	10	130
7165	3	111
7109	13	173
35	12	72
4398	12	73
7244	10	130
4342	10	142
4950	10	142
380	12	29
2610	10	130
5459	10	137
5046	7	89
828	12	27
52	1	13
1676	4	141
6133	5	147
5038	10	135
7778	10	142
9065	13	173
753	10	133
9082	10	139
3225	10	139
5275	10	130
6168	1	13
5928	10	130
9326	12	76
5653	3	151
839	12	25
1150	12	27
6593	10	134
4540	12	72
3034	5	193
4480	12	70
837	10	142
1341	10	142
1271	12	82
8238	12	25
1319	4	31
489	10	130
5491	10	142
7184	4	141
6507	10	137
7373	3	111
8534	12	72
8872	16	191
1764	12	72
5377	14	178
6805	12	70
8459	10	142
880	10	142
3458	10	130
6911	12	72
7159	5	147
799	10	142
8555	12	167
5053	10	134
2260	12	27
5771	12	25
2646	12	82
2188	10	139
5640	2	40
4007	10	139
7204	12	115
3502	7	103
6739	10	135
9306	10	144
8906	3	111
3816	13	172
7002	16	191
4855	10	144
8406	16	191
5955	5	78
3974	10	142
4194	10	139
9225	12	72
413	10	142
485	10	144
2475	10	130
7946	12	27
6006	10	139
3179	12	70
7621	10	142
8061	14	179
3920	10	142
2655	10	142
284	12	72
7916	12	72
2256	12	70
3924	7	87
3868	2	45
4340	9	126
5805	13	173
3344	12	167
7049	14	184
5569	1	13
866	10	130
4172	12	72
8658	12	72
2306	3	66
2843	10	139
6294	12	25
7618	10	137
1569	10	142
3886	10	142
7759	3	51
7854	1	12
5908	10	142
8444	16	191
296	10	144
8473	10	137
3325	12	72
180	10	142
5016	12	115
2472	4	168
4314	12	72
60	10	144
5936	16	191
8011	15	189
6390	10	144
6206	10	142
7352	13	173
850	10	133
2187	16	191
5316	4	69
5128	12	25
428	10	134
643	10	144
5443	10	137
1890	12	25
6482	12	166
6755	16	191
4565	10	137
5992	12	76
2900	10	142
8275	10	142
7123	10	130
4334	7	87
5088	13	173
5641	10	142
3053	10	139
6819	12	70
6299	13	172
1118	4	157
2444	1	13
8709	12	70
8167	4	141
1252	10	139
2856	10	142
9296	10	142
5726	10	133
6604	3	51
8499	10	137
1230	5	112
7932	13	172
3091	3	58
5392	12	29
6645	1	13
5255	10	142
8402	5	112
5998	10	135
348	10	139
2079	10	137
1535	12	72
3766	12	115
813	1	6
4256	1	14
526	10	42
8871	10	142
6853	10	142
6529	7	97
4032	12	156
8155	10	130
5986	12	72
3366	12	165
7797	10	144
471	10	142
4568	12	72
3416	10	142
5852	7	87
8474	12	70
5204	9	41
4081	10	142
3932	10	142
5971	9	126
6380	4	157
1101	10	135
9267	3	58
2342	10	130
1209	12	72
1741	10	130
3	8	116
5938	2	45
1444	10	142
9104	16	191
5748	10	142
4394	7	103
1179	10	134
6358	8	118
3172	8	116
8755	12	72
3598	16	191
5574	10	142
7745	7	87
2977	12	25
9004	12	72
3876	7	97
4530	10	142
2939	3	111
4632	7	94
3411	10	139
8743	12	29
4482	10	137
4575	8	121
4160	10	137
1998	9	124
8035	7	106
8480	10	142
1690	12	72
194	1	7
8124	4	31
7070	7	95
3498	13	173
8780	10	142
579	12	72
8008	16	191
332	12	114
2114	13	187
1899	12	115
4385	3	151
6746	10	145
4141	10	130
2853	10	142
1808	10	130
8910	10	142
2714	12	115
8981	13	173
4662	12	70
3869	10	137
4744	10	137
7888	14	184
3922	7	87
5499	15	150
5785	10	42
5036	12	27
2088	10	135
321	5	193
877	10	144
971	10	130
3987	13	172
4571	10	130
506	12	82
2574	7	3
2594	10	144
2999	12	72
6950	3	51
1624	12	27
4479	7	103
7806	12	72
8193	7	87
2381	10	139
5614	12	27
4076	12	72
463	15	85
4315	15	4
5907	10	139
8756	10	142
8890	13	173
1603	3	58
2908	12	70
1887	4	141
4759	16	191
7381	13	173
5638	16	191
6403	10	134
6904	10	144
1697	10	144
3453	10	142
980	13	173
6141	16	191
1270	12	72
7828	3	51
7457	14	178
8122	16	191
3719	16	191
452	15	128
4717	10	130
5006	10	144
5777	12	72
1380	3	66
5230	10	130
1715	12	25
6674	9	123
4374	10	139
8802	12	72
3388	12	167
7329	4	141
108	12	25
3195	12	70
1497	3	64
1895	10	130
5551	3	66
5075	10	135
6767	12	72
4863	10	130
7555	9	123
1968	13	172
9204	12	72
4916	7	87
6083	13	172
8594	10	142
7092	12	27
9171	3	51
8676	10	142
3690	10	137
7288	10	42
2100	13	173
8486	15	128
7995	10	137
4918	2	45
131	5	112
751	10	142
2949	10	134
7973	5	67
2437	12	29
5212	12	72
5521	2	45
6054	10	142
7867	12	72
4073	7	87
1573	12	29
1144	15	4
8551	8	118
3512	16	191
1619	10	137
1419	12	72
9003	4	188
612	10	142
2237	4	157
1850	10	142
1253	10	135
8616	3	51
8783	10	142
1580	10	130
2009	4	141
1037	15	128
2422	10	130
1647	12	70
3695	10	142
8427	12	70
6551	9	123
2906	1	19
6717	10	142
3309	3	58
8324	12	76
1048	10	130
5773	10	134
2608	10	144
5483	3	58
7496	10	135
8587	12	115
6698	10	139
8703	10	144
7093	12	156
8028	12	72
940	10	130
7137	10	139
4187	12	25
4895	4	158
56	9	126
7643	13	172
8096	12	29
4301	7	162
4241	12	114
257	12	72
830	10	144
6402	15	4
6140	12	70
8080	4	141
8316	12	27
693	10	142
2061	10	142
3936	14	179
1243	3	111
6194	12	29
1817	10	142
1829	7	108
7353	12	72
7012	12	27
6710	10	144
7877	10	134
9080	3	51
5479	16	191
5591	5	78
6082	12	72
5888	12	72
8940	10	130
6996	12	29
9019	12	25
1931	10	134
7013	4	141
7315	10	139
4585	12	115
8349	12	25
4752	15	128
5684	12	114
8867	10	139
8300	12	25
8566	10	139
3316	12	27
5839	12	156
808	10	142
238	12	70
5868	10	137
41	15	4
8670	13	175
2745	10	130
5180	10	139
7678	12	70
8724	12	27
3216	4	141
5018	12	70
6080	12	27
9067	7	162
3969	12	27
723	10	130
5028	10	130
6969	12	72
286	3	58
2544	10	130
9042	16	191
5895	8	116
4849	12	70
4645	1	6
2103	10	130
3417	10	142
2358	10	137
8772	12	29
2959	10	142
3137	10	130
1971	4	141
9136	4	141
9233	10	142
1975	12	27
3025	9	41
97	1	7
821	12	76
2755	10	142
135	10	142
1578	12	72
186	16	191
2041	3	151
2272	12	72
684	16	191
2837	10	142
4277	4	157
4313	12	156
6201	13	172
2023	12	72
930	2	75
7634	13	172
9154	12	72
4318	12	72
6986	12	25
7787	12	25
7707	10	137
566	10	142
4162	15	4
1540	10	142
7733	12	72
3367	10	144
4327	4	188
1635	9	126
2086	10	142
2585	10	142
9064	4	168
1245	10	137
4722	12	76
4067	12	72
2579	10	137
9033	5	112
1962	4	168
2806	12	156
5453	10	130
1948	7	87
8895	10	142
853	12	72
3183	14	178
7084	12	27
2958	10	130
7251	15	128
2474	10	130
6000	9	126
113	15	128
8664	4	141
7488	12	27
8830	12	76
9260	12	70
9009	10	142
3161	1	7
8422	15	128
3057	10	137
5942	12	156
8702	12	82
356	2	40
1896	15	128
7735	3	56
5587	12	72
5237	12	25
1442	16	191
6841	10	142
6448	15	85
552	10	142
2493	10	142
854	4	141
8351	13	172
5627	16	191
9121	13	173
1918	10	142
4118	4	157
4458	10	144
5897	10	135
8224	3	66
1331	10	142
3536	10	130
6349	10	142
6542	12	70
1327	16	191
4236	15	85
782	10	142
4332	10	142
4163	10	130
329	12	163
245	3	58
1493	10	142
897	12	72
6958	12	25
5147	10	142
5678	4	157
5504	10	137
1781	4	141
9126	12	25
5397	8	119
394	12	115
3871	12	72
8454	7	97
8215	1	13
2836	3	60
6873	1	12
4553	16	191
3068	3	111
2605	16	191
7809	10	144
5119	7	87
6525	5	78
6425	10	142
7636	10	144
3953	13	174
3322	12	72
6738	10	130
5822	10	130
1057	10	142
88	12	70
2411	3	65
7526	10	142
3201	10	130
5025	10	137
7934	3	66
7885	10	144
7324	2	40
1279	10	129
6373	12	156
9226	10	130
3287	10	130
2403	12	70
5988	12	27
2320	12	70
2858	15	128
4607	12	25
1212	12	72
5769	12	114
2408	12	82
1649	15	160
7169	10	142
7875	10	137
7549	15	4
7705	13	172
2495	9	124
8832	12	72
3831	12	25
9198	4	69
2559	12	114
3793	14	81
5898	12	72
9164	15	189
3451	10	142
7479	12	72
9068	15	128
3431	12	82
4704	12	76
4003	12	114
7130	4	141
3739	7	103
7895	3	58
543	16	191
312	3	58
3858	13	175
4988	12	72
7719	3	111
3307	5	78
276	5	78
3722	12	70
3845	10	137
5975	12	72
2578	5	112
5624	10	130
4871	10	134
893	3	159
6100	5	193
5247	10	137
5052	14	184
2656	10	130
910	10	142
447	5	112
954	12	27
4171	10	144
7862	16	191
4633	15	150
2163	12	25
5463	10	142
5005	10	130
2668	3	66
2757	12	70
1954	12	72
5021	12	72
3872	10	142
431	1	13
3219	10	130
9183	4	188
2669	10	130
4429	10	142
7374	16	191
4204	8	118
5440	7	89
4178	10	142
6646	10	142
1160	3	58
5729	16	191
2717	10	130
720	10	142
2276	12	72
4016	12	25
4367	12	72
4328	10	137
8455	10	134
946	12	115
4289	10	130
4773	10	42
8952	10	144
3245	10	130
7145	16	191
5622	7	162
5481	12	72
3056	14	185
8390	16	191
3321	12	72
7434	12	82
3827	1	13
1132	4	69
1514	5	78
8165	7	97
8936	14	178
1853	10	144
6217	15	189
1009	5	78
5214	12	72
4588	10	139
1750	8	116
5665	10	134
3169	4	157
8700	5	78
419	16	191
838	5	78
7207	12	25
4291	13	172
2768	16	191
322	10	142
4678	4	141
8242	10	142
8529	10	139
5834	3	58
1169	12	76
5335	10	144
7775	10	142
7392	10	142
201	12	72
7820	4	188
2609	5	147
7857	12	27
8971	10	144
4907	10	133
3615	3	111
7331	12	76
233	3	61
6546	8	116
6925	12	72
360	10	137
4115	10	137
7999	15	128
7349	15	4
7047	14	178
7657	2	45
2727	12	72
6167	1	13
8031	10	142
8055	10	142
4947	10	142
2048	5	78
8507	14	184
4835	12	70
5952	10	142
6732	4	188
2305	2	40
3696	10	130
5671	12	165
5703	14	184
7863	5	78
3588	10	142
6284	4	157
4616	7	106
7998	10	142
477	13	172
6570	12	72
3680	12	72
8388	10	42
8072	5	193
1495	13	172
8654	12	25
6450	10	130
3803	12	114
7396	12	156
6516	10	134
2983	16	191
935	13	172
7691	9	123
2428	12	25
5532	12	29
1643	12	82
3733	12	72
6662	10	142
4524	2	75
2730	12	115
759	5	193
3679	4	168
1198	10	136
5799	10	130
2241	10	142
7560	12	29
1736	13	173
5530	12	70
1282	12	72
6696	10	137
2613	10	142
576	7	87
6659	16	191
537	13	175
2394	12	76
395	10	142
7332	10	142
8679	10	137
5597	10	139
8885	13	173
6990	10	139
8135	12	72
7685	16	191
6641	1	6
8472	10	142
1488	12	115
20	13	186
7495	16	191
671	10	137
1346	10	130
3338	12	72
1916	1	13
2010	10	142
9218	12	76
3277	8	118
4058	12	72
4772	12	27
8025	13	175
4201	12	25
1999	12	82
1084	7	97
5666	10	142
6566	8	118
6899	4	141
6426	12	72
8841	13	172
6965	7	94
9243	16	191
7066	12	72
8600	12	76
6172	13	172
1751	1	13
3988	10	144
5048	16	191
6331	12	27
8713	10	142
2154	15	85
468	12	163
6255	1	7
7003	2	40
4865	5	78
2979	10	142
755	12	72
2569	12	82
2660	12	72
3422	7	87
7096	13	172
4282	4	69
3840	12	71
9200	12	70
606	10	142
337	5	112
4355	4	168
4804	12	72
2572	10	142
7784	14	178
6867	10	130
6931	5	78
5956	10	137
8762	15	85
2678	5	112
6352	12	70
3495	10	42
4498	12	25
6893	10	130
3559	16	191
8043	10	130
5837	12	115
8221	12	70
7915	10	42
772	10	142
4627	3	64
4932	10	139
915	3	66
3610	3	66
4720	10	144
1448	10	137
1531	13	172
2523	12	70
2303	12	72
943	3	58
1957	10	142
160	10	139
8348	13	172
8959	10	142
3472	10	142
5138	12	72
4253	13	172
2160	10	144
2140	7	87
4330	12	76
1335	12	70
6681	10	142
2816	10	133
668	12	70
3709	1	13
7494	12	29
9018	12	29
1137	4	141
8484	10	142
2967	3	58
2465	15	128
7655	3	51
4552	12	27
2355	13	172
8231	5	192
6175	12	72
9167	14	178
2348	12	72
3822	14	178
4599	12	70
4675	10	139
6827	10	137
1185	12	27
8183	10	142
4252	7	87
6926	1	7
8071	10	144
1423	10	144
350	10	142
8768	1	6
1087	12	70
5384	10	142
7290	10	142
2406	10	142
2169	4	31
1877	10	142
4913	10	137
3329	15	128
4011	12	72
5418	3	51
3658	10	135
5616	12	29
3341	12	72
4608	4	31
7936	10	139
5772	12	70
1162	10	142
3795	14	184
563	10	142
829	10	142
1031	10	139
6465	12	72
6503	10	130
7864	10	130
8179	12	76
8476	12	25
6628	1	6
5137	10	144
3947	16	191
8329	7	94
2015	8	121
3801	3	151
2209	10	142
5228	10	142
4336	12	70
4547	4	141
1108	10	139
5278	10	130
1524	12	70
8004	15	189
7696	13	172
3532	5	78
7666	10	144
7669	10	142
5828	12	27
7272	7	106
8517	12	115
448	12	167
7644	7	106
2978	12	70
7041	10	142
1006	10	130
4522	10	130
781	12	29
7480	12	72
58	10	129
524	10	130
5235	10	142
3275	15	4
1698	12	115
5561	10	130
4344	2	45
4891	10	130
4116	8	119
5034	5	78
9332	5	78
1387	1	13
5152	12	72
2366	10	142
5470	3	58
4186	14	178
6833	3	60
1726	10	135
4200	15	128
1716	15	4
5918	10	142
2407	10	134
8834	12	27
3978	13	172
1843	7	106
9011	12	70
2511	10	142
9160	4	157
4938	15	85
4477	7	87
6044	3	58
6228	10	142
2300	14	178
7517	7	87
5167	3	51
4768	12	72
7383	16	191
5010	12	115
2803	10	139
2934	4	69
8520	16	191
4169	12	115
5778	10	142
2922	16	191
7319	4	158
8234	13	172
177	8	116
2500	10	142
7307	15	160
603	10	142
240	12	72
7055	7	89
1020	10	142
5154	10	130
71	10	142
7299	10	139
442	10	130
1004	12	72
261	10	144
1566	4	141
3909	10	144
7030	5	78
5528	7	106
2074	13	172
4143	12	70
7972	10	144
8164	10	144
7360	4	168
54	5	147
6774	10	137
9340	7	86
38	10	142
6554	10	142
8367	12	70
7213	4	168
314	10	42
7489	10	130
5284	10	142
761	12	25
4883	12	156
7979	3	63
6705	14	184
5575	2	40
3517	10	142
656	4	141
33	12	27
4448	10	42
8851	13	172
6777	10	42
7241	10	137
2317	12	72
1172	10	142
8599	7	87
8428	12	70
8438	10	142
2273	12	114
4862	10	130
3440	7	106
8291	10	142
491	10	142
6874	10	42
9336	10	142
5550	16	191
1880	7	106
1479	10	139
5206	10	144
1098	10	137
7143	12	27
2293	4	31
8498	12	73
1320	10	142
5976	12	72
4989	10	134
1463	12	70
5303	4	141
5161	5	78
2345	2	45
1654	12	29
4090	12	72
2069	10	144
793	13	173
767	10	142
1417	4	157
213	10	142
8646	10	129
7813	10	130
7061	12	72
3132	12	70
695	10	139
2774	12	25
5436	16	191
1415	12	76
2695	10	137
8769	10	142
6737	12	25
1669	7	87
7347	10	137
5700	13	172
9123	10	130
2296	12	25
5106	13	172
5340	10	139
6623	8	118
2434	12	115
2723	15	160
6689	12	29
9076	12	27
7460	5	147
6184	15	128
5115	10	137
87	10	130
6602	10	142
5851	10	137
36	10	137
7382	9	41
6877	13	173
807	3	111
4780	10	137
3748	10	144
7738	10	130
6804	16	191
6031	3	51
3102	10	142
6090	10	137
7120	10	142
8166	12	70
2350	3	111
2265	10	132
5572	9	126
7566	12	82
2439	12	114
7530	12	156
3018	9	123
4905	4	157
8403	1	13
3407	15	189
4151	16	191
8671	4	141
4257	9	123
4264	4	168
3315	10	142
6318	12	72
5462	9	124
4911	12	114
4047	4	188
5581	7	89
518	14	184
3468	12	72
7553	10	132
5784	10	130
2831	10	142
2234	12	70
7559	3	58
9162	10	137
6096	10	142
1411	3	58
311	10	130
7409	12	72
4640	15	4
3639	8	118
5319	10	130
1166	12	70
5585	10	142
3883	12	72
2839	15	128
2712	12	25
7859	10	137
586	10	137
6908	10	142
2084	12	72
3694	12	25
4623	2	75
1790	10	135
8989	12	25
864	12	72
6987	16	191
5381	10	142
4578	10	137
6860	12	70
6129	10	42
6205	12	72
1855	12	72
6473	10	142
94	10	142
7504	12	72
1022	16	191
4125	10	130
7191	3	111
4211	1	13
3832	10	130
5171	10	137
3324	1	6
2130	10	142
3101	10	130
884	12	70
4742	10	130
2740	12	72
6314	1	13
8960	2	45
7622	13	190
8730	10	130
623	10	130
4218	10	142
8023	12	70
7869	10	142
5916	15	4
8070	13	172
9329	12	72
4119	10	137
2250	16	191
1588	3	58
7262	4	141
1558	7	190
8208	4	69
1920	10	144
64	12	25
4302	10	144
7951	10	142
1778	8	118
6368	12	25
3839	10	137
7367	10	130
5240	5	78
647	7	86
7413	12	25
4217	3	151
1668	13	172
2993	13	173
2485	10	142
5489	12	72
2539	5	78
5809	10	142
4823	12	72
8092	10	142
5074	16	191
6174	10	129
8113	4	141
8976	10	137
8624	10	142
2319	12	72
786	4	141
6334	10	137
1650	10	137
2073	13	173
2778	5	112
1983	8	119
929	9	126
2567	10	130
5218	10	142
3999	10	137
5092	12	27
6378	10	144
8966	10	142
4595	7	162
8661	16	191
3621	10	137
8262	12	27
6858	10	137
5864	10	142
3019	10	137
5095	12	114
5674	12	29
1783	10	130
6512	12	72
7654	13	173
706	5	78
5857	12	27
9327	10	142
1142	6	149
4644	3	58
3045	10	130
3035	16	191
2201	10	139
8934	12	70
4392	10	134
460	12	72
8033	10	142
4286	7	87
9077	1	12
9177	10	134
1866	3	66
8838	13	173
1599	12	72
1455	5	112
8809	12	70
7729	12	72
9273	4	168
9354	4	141
2738	10	137
7751	1	13
5635	4	141
368	3	58
3163	12	72
5407	12	72
4369	12	72
1627	13	173
4266	16	191
4074	7	87
6970	2	75
8250	10	142
6210	7	103
6218	12	72
1745	12	70
6121	12	25
4959	10	144
5220	10	142
754	7	87
7909	10	135
3240	12	72
2248	12	72
2808	10	144
5389	7	87
6385	4	168
743	10	144
4408	12	27
8812	12	72
5996	12	72
5245	4	157
4837	10	142
8150	16	191
6300	12	115
3697	10	130
527	12	148
7425	10	130
8115	12	27
3738	12	29
7364	7	103
905	15	128
5615	12	156
5226	10	142
3050	16	191
6497	10	142
8740	7	94
1396	12	72
7152	12	25
9236	10	142
766	10	142
7361	12	76
3940	12	70
1644	10	137
3481	12	72
6180	10	130
8081	13	172
6220	12	72
8292	10	142
2547	10	144
9146	10	130
4637	13	173
3488	10	137
6042	1	7
6097	10	142
4999	12	76
5332	10	130
7286	13	173
5508	12	70
8916	4	141
7433	3	66
8446	10	139
398	10	144
7371	10	142
739	10	142
6868	10	142
6825	12	70
8695	15	153
8466	4	31
6974	10	135
7186	14	178
7583	5	112
4393	16	191
7887	10	142
6310	12	72
5305	13	173
6400	4	157
7652	7	89
2630	4	188
4942	10	139
2390	10	142
7142	10	137
4296	5	78
7428	1	13
1122	1	13
8951	7	97
3291	12	72
2912	1	19
3187	12	72
4806	5	78
8408	10	142
1338	10	130
2289	16	191
640	10	137
6086	7	106
2344	1	13
1538	5	192
600	10	137
8857	10	134
2704	14	184
5966	12	163
2761	1	12
4410	7	87
4157	3	64
8631	13	173
112	12	72
4699	10	133
4985	10	130
6903	10	137
6637	1	7
9093	12	72
4564	12	72
2840	4	141
9130	10	142
147	12	72
2536	10	137
4197	14	184
2224	10	142
1259	12	72
3772	13	173
5374	10	142
542	10	142
2008	10	137
2562	12	27
227	12	70
1276	12	73
8789	10	135
690	13	175
3901	12	25
5950	10	137
1828	10	142
2453	10	142
7892	4	69
3152	10	142
3272	10	130
770	14	181
3628	12	115
1125	15	85
7000	16	191
18	5	112
6658	10	142
2181	13	173
1081	10	130
8574	4	157
1363	12	165
1864	12	115
1860	12	72
8463	16	191
4101	12	72
5947	12	82
6451	4	141
7786	10	139
6505	12	70
5881	10	142
1699	10	142
1639	12	115
8099	10	137
5391	10	130
1013	10	142
9040	16	191
3814	12	29
4196	13	172
883	12	29
6811	12	72
9228	12	25
7641	1	13
4188	16	191
9293	10	142
7539	12	27
3963	3	66
8911	10	137
6460	10	130
6191	16	191
2487	2	40
7832	12	70
6778	15	189
207	10	142
6032	10	142
6830	10	137
7390	12	72
1344	13	173
8139	3	58
3007	10	142
6688	16	191
3095	15	153
6479	3	151
2988	12	70
737	12	72
2909	10	142
1092	10	142
3539	7	97
8925	12	72
619	10	137
1305	12	29
8774	12	72
5567	10	142
7967	3	65
2800	12	72
8140	10	142
5842	12	25
7922	3	60
3757	16	191
7992	3	111
3074	10	142
8170	10	144
2554	12	115
849	10	144
297	10	137
4152	7	87
3234	10	142
964	4	141
7335	10	137
5057	10	130
3253	3	61
1964	7	97
1205	4	141
1284	10	130
5786	10	130
7610	12	70
5404	12	72
4181	12	70
1546	1	20
5647	10	133
119	10	130
260	10	130
145	10	139
3383	12	29
3638	15	128
2742	12	72
8821	7	103
744	12	115
6139	7	87
9176	4	141
3627	10	139
634	12	70
3077	12	72
8098	10	130
2748	16	191
2666	3	51
5623	10	47
8433	16	191
5753	10	137
5012	10	42
5149	13	172
7798	4	141
5518	16	191
9352	10	139
2636	3	66
166	4	141
5759	3	66
3891	5	193
7132	10	130
2459	10	144
5698	10	137
4853	13	172
6934	12	72
4671	7	87
3582	12	72
6248	15	4
7754	10	139
2210	16	191
133	10	130
8318	7	190
5419	4	168
1545	12	25
8240	10	142
6960	4	157
3774	12	72
2711	10	137
6178	5	78
5078	12	72
5899	7	87
3515	7	87
8228	12	72
5633	12	70
8536	12	70
283	12	76
4978	14	184
8369	13	173
7789	10	137
1876	12	70
4409	10	142
4036	15	160
8935	8	118
3441	12	72
8558	10	142
8508	10	137
5270	14	178
9081	7	98
7923	12	70
4812	16	191
1733	12	70
5870	16	191
3103	10	142
7178	10	144
9059	12	114
4771	15	189
5885	12	72
5646	10	137
1748	10	130
8930	12	115
3337	13	173
1391	7	103
6001	12	70
5905	5	193
324	12	29
2270	16	191
4680	12	72
3837	3	64
3807	10	142
984	13	172
4059	10	142
4753	10	130
501	10	142
3384	10	137
4491	10	142
8705	1	7
2170	12	70
3547	10	130
7739	13	173
6972	12	70
8650	3	58
3715	12	156
6609	16	191
5736	12	70
2378	12	115
5403	10	137
3363	12	25
8456	12	70
4010	10	130
805	10	142
8735	7	24
5013	5	78
3666	12	72
255	9	126
5723	7	87
7600	16	191
3200	10	142
5995	12	70
4889	10	130
6335	3	64
1552	15	4
6580	9	41
5507	12	27
1152	10	137
8439	15	68
4307	10	130
8771	14	178
8874	2	75
2765	15	189
6504	10	142
8889	10	144
5830	12	25
8362	10	142
2557	10	142
2705	12	27
7965	5	78
585	16	191
6481	3	64
2994	3	111
8118	4	141
1100	13	173
8270	10	142
5930	12	72
179	1	12
7404	12	29
2563	10	142
4598	12	72
4041	7	87
8625	10	142
5862	12	72
5961	12	72
8726	12	72
3005	8	118
6110	1	18
7949	9	126
3506	7	97
8022	1	13
5393	8	118
5116	10	142
8707	13	173
1233	16	191
7616	12	70
3438	10	130
7105	5	193
2817	12	72
4851	10	142
867	12	70
9222	12	114
7040	12	115
6526	10	142
330	10	142
3961	10	142
2120	10	42
1242	10	137
13	13	187
3708	5	67
4136	3	111
3461	3	51
5716	12	72
4782	12	70
5197	5	193
2834	10	142
2739	1	7
5435	7	24
2165	10	142
1354	10	139
8870	3	51
1646	10	142
6213	8	116
7958	12	29
274	12	72
705	16	191
445	15	128
4202	12	70
2775	12	72
5706	10	134
8668	4	141
3254	10	142
3268	13	186
7370	12	70
3274	10	134
1011	1	7
6560	10	139
8185	3	51
2982	10	142
2700	10	130
2329	12	70
418	4	168
8255	15	128
8648	10	144
8277	3	111
8218	7	87
1173	12	72
988	10	142
1662	10	142
6415	12	27
9054	10	142
3570	10	42
3810	10	137
4153	3	51
4195	12	25
43	4	188
523	12	27
3009	5	78
8246	9	41
6177	4	168
5427	3	111
6665	3	66
7424	5	79
1902	12	72
2590	3	66
143	10	142
7154	3	52
3689	1	6
8336	13	172
2561	12	27
2510	10	142
1275	4	31
2501	5	78
2995	10	142
1805	12	72
5221	10	142
6859	10	130
8657	12	70
4967	7	87
8584	4	141
4134	16	191
5286	12	27
8945	7	87
2252	10	137
9372	10	42
2294	1	6
6644	12	29
5061	16	191
3931	10	42
7363	12	72
7865	12	82
2266	10	142
9343	12	29
4946	10	134
4658	5	67
7407	9	126
6540	10	137
6146	5	112
1468	10	142
2498	10	144
6183	12	27
7730	12	70
6985	12	25
1165	12	70
8429	10	144
6324	13	172
7232	10	144
1283	15	189
8866	10	130
8144	1	13
5796	12	72
1491	10	135
44	10	142
1507	12	72
681	12	72
2020	9	41
1405	12	72
8682	12	72
6372	12	25
5359	10	144
9302	12	70
5264	12	72
3178	12	25
1244	12	71
6661	9	123
102	5	112
422	10	137
6312	5	78
9107	12	114
9359	15	189
1575	9	123
4103	5	193
7514	8	116
1724	13	173
1596	12	27
3217	12	29
5282	14	184
4216	1	5
3915	9	122
1791	13	175
5	5	112
558	12	115
2043	15	128
8787	12	72
8525	12	72
1304	10	142
3590	12	82
287	10	137
5911	16	191
83	10	142
8311	12	72
325	4	141
3044	12	72
3930	10	139
5605	10	137
7771	12	70
5553	12	72
4249	12	29
8986	10	142
6041	10	142
5904	10	137
6699	10	134
2195	12	70
8877	10	142
3823	12	27
1979	12	70
3113	12	156
5751	10	137
409	1	13
3894	12	70
5833	13	172
7718	10	144
8779	12	164
8383	9	41
3919	12	29
6632	9	41
800	1	13
2686	10	142
5807	12	70
2672	13	173
9169	12	72
8609	12	27
6957	4	141
6887	12	27
8891	5	78
6726	4	157
8104	10	131
8414	10	142
1286	3	66
5364	12	70
4230	15	128
2212	10	144
5496	7	87
6113	12	27
3054	10	130
6287	12	72
3246	14	185
4501	3	58
5222	12	72
6622	5	112
343	7	87
7788	10	130
2019	12	82
7391	13	187
4508	9	41
3605	12	27
6640	10	130
3640	16	191
4651	10	130
1725	12	25
7503	12	25
6654	10	144
6224	12	70
490	13	173
5619	16	191
3011	3	51
7590	4	157
907	10	144
5323	10	130
4292	7	87
9138	12	27
6906	5	67
3465	10	142
5802	10	142
2021	10	142
5829	9	123
970	10	137
5514	12	27
487	4	168
5580	12	70
204	1	13
7742	8	116
6884	7	87
1840	12	72
1055	1	13
4741	5	193
1825	12	72
3080	10	135
32	7	87
9056	12	82
5854	5	193
8869	12	27
8995	12	72
1719	10	144
8746	4	168
6850	12	82
3674	12	72
5891	3	64
1672	10	142
831	10	142
4590	3	111
6806	15	189
3452	12	70
6533	10	142
464	12	72
1054	10	142
3349	12	27
999	4	141
8453	13	173
6842	12	70
1402	12	72
8547	10	130
6304	5	112
2549	15	85
899	10	142
6469	16	191
9194	10	137
2321	14	184
7348	10	142
1884	12	72
9084	12	27
3744	15	128
67	7	106
1796	5	190
9112	8	118
7681	10	42
5792	10	142
290	12	25
5178	12	70
4147	10	139
757	10	142
2674	7	87
7139	13	172
8942	10	137
2726	16	191
220	10	142
2729	12	82
7638	10	142
3796	10	137
8864	10	142
6099	7	103
3168	3	63
8510	10	142
1634	12	29
4696	12	115
9213	12	72
3094	4	69
3319	10	142
3589	12	115
1769	12	114
6265	12	114
8888	10	142
5827	13	173
205	12	72
2747	10	142
353	10	131
9166	3	51
4878	10	137
6389	13	172
6214	10	142
1785	10	144
4702	12	25
5280	12	70
4621	12	72
3114	12	72
783	9	126
779	10	130
331	10	142
1353	12	27
9261	12	70
3575	4	69
6484	13	173
392	12	72
6941	10	139
6370	10	142
7163	7	106
2631	4	141
2936	10	133
176	10	137
8347	9	123
2138	15	128
5910	9	123
5055	10	137
8038	7	94
7840	12	72
9229	13	173
4684	12	29
3162	1	12
8147	10	142
6517	10	142
272	10	130
5810	12	25
5341	12	82
8102	7	33
4681	10	139
386	10	142
6711	12	25
4083	10	130
1223	16	191
1193	12	73
818	13	175
9100	12	72
2324	10	142
339	3	58
8796	12	29
3568	10	139
1298	12	114
6548	2	45
1446	10	142
7513	12	72
3058	12	70
189	10	144
1412	12	72
1365	12	25
1427	10	130
1820	10	139
3209	10	195
5089	12	72
2371	10	130
1683	7	87
2449	12	72
3000	1	12
1207	10	130
3688	8	121
8849	10	142
3879	12	25
8917	16	191
962	8	121
1045	10	144
5534	12	114
7501	5	78
400	10	142
3435	1	6
4656	15	4
8068	4	141
3430	10	144
9279	13	173
5816	12	27
4926	12	72
7321	10	130
4001	9	126
6037	10	134
3809	12	72
6323	12	115
3038	16	191
6269	10	144
1139	3	66
9281	10	130
8608	4	31
2873	10	139
2333	10	144
721	4	69
7210	10	135
8848	4	168
2753	10	142
8698	10	42
7414	10	130
5009	10	139
2689	12	29
9147	12	29
2102	10	134
7482	12	29
845	10	142
7658	10	139
3906	12	70
411	10	135
4004	12	29
6666	12	70
8737	12	72
6059	12	27
4844	10	137
1278	16	191
8058	10	130
5691	12	27
7894	15	128
7969	12	25
6	10	137
3033	7	87
8928	3	60
7291	3	111
5920	4	141
6809	10	142
7525	10	137
2785	1	13
8581	10	144
9102	12	115
9071	16	191
4933	4	69
8481	10	130
5241	12	25
3390	12	76
6598	4	141
6848	10	42
676	1	7
7706	10	137
7344	10	142
4740	10	142
3055	12	72
6714	10	135
393	4	157
4707	12	72
416	10	142
5110	10	142
9316	13	172
6759	12	72
4179	12	27
2916	4	157
4523	4	141
4008	1	5
3698	4	141
4556	12	72
4177	12	115
4124	2	45
6854	4	141
2947	12	72
2283	13	172
2462	12	27
1364	12	70
5560	10	130
7452	3	51
3546	11	146
5203	12	72
4566	16	191
1738	12	72
8203	4	69
4834	10	139
5577	16	191
109	12	115
627	10	130
2533	12	70
4018	10	137
4220	3	51
480	12	72
8448	10	137
6326	12	25
3381	10	142
5973	14	184
900	12	148
2703	16	191
5558	10	142
5327	15	128
4992	10	142
685	10	130
8855	10	137
5315	4	141
6094	10	142
138	15	4
1429	10	142
7365	1	13
6612	10	137
2633	16	191
1191	12	70
1988	10	142
7183	12	27
7903	7	103
7613	12	25
8029	15	128
5065	3	66
5231	13	187
4525	12	25
3473	13	172
1250	10	130
4232	12	70
3127	12	72
3545	4	157
4175	12	76
3778	10	142
1408	16	191
2937	10	144
3112	10	134
7765	12	72
5933	10	135
8142	12	72
5979	12	72
7781	10	144
1050	3	111
2528	12	70
3887	3	66
987	13	174
6749	8	116
4219	10	142
7395	4	168
872	13	172
4320	16	191
8527	7	87
8820	16	191
3190	12	72
7625	12	25
1234	12	25
4441	10	142
4244	10	137
1366	10	137
4610	10	47
6344	10	139
8580	4	141
626	14	178
4688	4	157
8592	3	66
2924	10	135
5082	12	72
9021	16	191
8721	12	70
5944	4	141
5676	12	115
3516	12	27
420	5	147
5670	10	144
59	3	63
2957	12	25
5675	10	142
2891	9	123
1017	10	142
6994	12	72
869	12	72
3039	16	191
408	10	144
236	10	142
2877	15	128
8996	12	25
2719	12	72
593	10	142
7793	12	70
4611	12	72
2005	4	168
5185	12	70
7449	7	87
1012	12	70
5072	3	66
8894	7	106
6923	16	191
560	10	139
129	3	66
650	12	72
601	10	142
9168	12	25
596	12	70
4326	15	189
4095	12	70
2844	12	27
5428	4	168
9039	15	128
6070	7	87
5472	4	141
9368	5	78
4828	10	142
5909	10	130
8067	10	142
1592	12	25
3078	12	72
9203	12	29
7140	10	142
7693	12	70
7357	10	42
6822	14	184
5755	12	76
8854	1	13
8643	1	7
8673	10	144
8680	4	141
8378	5	78
4507	12	72
2183	10	134
3829	10	144
7103	16	191
7194	12	115
1648	5	112
8437	8	119
9044	3	51
8076	8	119
5191	10	137
8494	14	184
9095	12	25
6226	7	94
7016	10	142
479	13	190
6930	14	184
5934	10	142
2879	10	130
3941	3	54
3213	12	72
3159	7	106
7387	16	191
5166	10	142
6164	12	70
3712	7	87
8148	10	130
6780	10	142
3249	4	141
235	12	72
557	10	143
1707	12	76
7635	10	139
3105	10	144
78	16	191
5056	12	72
5464	5	193
8548	13	173
8332	12	25
1919	10	142
2838	10	144
925	10	144
5165	15	85
9282	7	87
1347	3	51
6012	16	191
963	10	135
6984	12	72
5002	8	118
835	3	65
5872	10	142
3862	10	142
8382	15	4
3469	12	114
3415	5	193
2078	12	76
6829	12	70
8409	15	85
2432	15	160
3400	15	4
624	10	137
4453	10	133
495	12	25
5357	9	41
528	12	82
6789	12	25
3189	4	157
3088	12	70
9115	10	137
575	12	70
7570	10	137
1607	15	160
8436	10	47
997	13	172
5083	12	72
697	15	85
4958	16	191
3785	12	72
8845	10	130
4746	10	142
1879	12	25
5951	12	72
8195	10	130
7713	12	70
3258	10	139
7462	12	72
8106	4	69
3505	12	25
5783	10	139
9298	10	137
8236	12	70
5512	12	156
878	12	29
1345	7	87
4319	10	135
1772	7	87
1645	3	66
1458	10	142
9270	12	71
7085	10	142
3520	1	13
5420	10	133
4751	12	72
5688	12	27
7045	15	85
5985	10	137
1359	10	142
1422	10	137
5603	16	191
7256	9	126
7166	10	137
4518	5	112
1974	12	25
4921	10	139
7768	10	137
8815	4	168
5334	12	114
8847	4	157
1821	10	142
7996	12	72
1898	13	175
3630	16	191
3037	13	172
4719	10	137
3979	2	40
5039	9	123
667	12	115
8892	10	139
591	12	70
3565	3	58
2122	15	4
2797	7	87
7303	10	137
4065	10	42
307	12	25
8583	12	25
1046	12	114
4475	12	27
6410	2	23
1504	4	157
4309	12	72
8712	10	144
7814	4	157
6262	12	29
863	12	25
2647	1	12
8299	15	128
4420	10	142
1776	10	139
85	16	191
7957	7	87
6466	4	69
4882	3	111
1941	12	29
904	12	27
765	15	128
509	10	144
615	12	70
3693	12	25
6261	10	142
5054	12	70
4728	3	60
651	12	25
1910	10	142
1376	5	78
5379	15	153
8901	10	144
5708	12	25
4888	10	142
2683	16	191
75	7	94
2011	16	191
8213	14	184
5612	10	137
1357	12	115
6108	3	51
9304	3	52
8230	10	137
4770	7	107
2793	12	70
264	7	87
3224	13	84
9049	12	72
2690	4	69
7440	10	144
7639	10	144
2903	10	142
3131	9	41
666	10	142
6725	10	144
3297	12	72
6673	12	115
9278	1	7
2402	10	130
6876	3	64
8914	10	134
5405	12	163
7306	12	27
1194	12	72
292	10	133
1459	15	189
5450	15	4
8305	4	194
1062	7	87
6687	7	107
1836	12	76
1077	10	137
9089	10	130
4715	1	13
7157	10	142
7779	10	47
6952	2	75
725	12	115
5130	12	72
4446	5	2
7195	12	72
5877	16	191
9017	13	175
7507	10	133
6922	10	142
1471	10	137
6186	14	178
2624	12	27
3954	16	191
1246	12	72
7777	10	137
6549	7	106
1900	10	142
9195	3	58
6275	12	114
7188	10	144
6657	10	142
2421	10	130
1496	12	148
3282	10	142
5157	3	58
862	3	51
7164	16	191
7034	12	29
5296	10	130
5297	3	151
4737	12	72
4167	10	144
2940	10	130
1044	12	163
2346	16	191
6515	14	178
2973	4	141
8426	10	137
9312	12	27
4767	10	130
3471	13	172
7253	10	134
2899	10	142
3049	10	142
22	12	72
8415	12	70
6313	15	128
2295	12	72
3119	12	72
7214	7	162
1511	5	112
2542	15	128
3391	4	69
4050	3	51
1740	12	72
8097	10	137
390	4	188
8739	7	94
3335	12	114
11	12	25
3528	10	139
7268	12	76
86	12	76
3996	12	72
6069	15	189
6849	10	42
9036	12	72
6159	12	29
1477	3	66
6721	12	29
6463	12	29
809	10	142
7569	10	142
234	10	142
3761	10	137
4789	10	139
7114	12	72
6227	16	191
8539	12	72
3285	5	78
5070	1	7
4120	10	137
304	12	72
1218	12	115
8865	10	42
8209	12	72
5800	13	173
6734	3	58
7445	5	112
3828	12	163
2580	10	142
1703	3	51
7731	1	13
4274	12	72
3782	3	111
8391	4	168
16	16	191
1848	12	72
4494	1	13
1375	3	51
789	10	144
8666	3	66
5719	10	135
6579	12	25
3771	2	45
8988	7	162
2264	12	25
8248	15	128
319	12	72
2664	10	130
3016	10	142
4512	16	191
1258	12	72
2850	3	66
764	3	51
6084	10	42
7	7	106
1696	15	189
1403	13	173
7810	10	142
7598	13	173
5957	12	72
355	12	72
4591	12	115
3962	12	72
8839	10	142
7398	10	130
4994	16	191
8835	15	85
301	1	13
8760	12	25
6421	10	139
100	12	76
5114	10	130
8363	13	172
8656	12	29
9002	10	142
4353	14	184
6282	7	87
90	12	72
5271	10	137
2505	10	142
4321	12	114
9023	10	139
4510	12	72
1330	1	13
6353	10	142
6343	10	137
8603	4	168
3374	12	25
3608	4	69
4858	3	111
7873	10	144
8530	12	72
2494	12	25
256	12	82
4089	1	13
7023	12	25
8961	3	66
7498	10	142
3352	10	144
4403	10	144
2123	9	123
4793	12	26
7908	5	112
5760	5	79
2032	4	69
4778	1	12
8723	10	142
357	10	142
7015	9	41
6171	12	82
1124	10	137
4478	10	142
1317	12	29
7031	12	27
5325	13	172
3483	12	114
5277	10	144
4579	16	191
6618	15	85
5431	3	59
2570	12	72
3153	4	188
142	12	25
1297	12	25
1217	12	114
7956	10	137
4214	12	72
3330	12	72
4876	10	142
4973	16	191
4258	12	25
492	12	27
4505	12	115
8714	12	115
8198	10	142
9202	16	191
478	10	142
8247	16	191
6587	12	29
4551	12	115
1986	13	175
1035	16	191
6007	14	184
876	12	72
5321	10	137
103	16	191
2620	12	82
474	12	72
8728	12	72
7890	7	162
3586	5	147
3180	13	174
7907	10	137
8431	3	111
79	10	142
8443	12	72
5170	2	187
9262	12	72
9254	10	144
2466	13	173
3449	7	93
7247	12	72
6455	8	116
6562	12	72
5337	12	72
4857	3	58
2476	5	78
500	10	137
8322	10	142
5974	12	25
5686	12	72
1969	10	144
279	15	128
8006	16	191
993	5	193
7897	14	179
8063	4	31
3365	15	128
7052	13	172
3312	10	144
3262	4	168
1527	12	72
8900	12	29
8813	10	144
3290	10	130
4677	12	72
7830	10	144
8137	3	51
8560	5	193
2826	10	134
243	5	147
3656	12	27
2161	10	142
2986	10	144
2159	12	72
1333	10	42
6852	8	118
7870	10	130
2996	12	70
3522	16	191
4784	12	72
4377	9	126
3369	4	158
7540	10	142
5291	16	191
870	10	142
1585	10	142
2180	10	142
4787	10	137
9308	15	128
7125	12	29
8565	12	70
7672	12	156
5044	10	137
1060	5	154
7419	10	130
3543	12	72
7059	10	144
8541	12	72
3386	10	142
4886	12	73
2285	10	135
4814	10	142
4539	12	25
77	10	137
4545	15	128
1267	9	41
4706	1	13
3798	12	72
190	12	72
8280	10	142
7171	10	130
8640	14	178
7898	1	7
7837	10	139
2065	10	130
7320	12	70
1761	12	72
3166	12	73
3797	10	142
7841	10	142
4341	16	191
4503	12	72
9337	12	29
1033	10	142
1823	5	112
7726	12	73
5756	4	155
1681	12	72
7250	10	142
8629	10	142
658	12	114
8908	12	72
6437	12	25
5265	12	29
894	10	137
1972	12	163
2520	10	139
7217	12	72
7133	12	72
2374	12	25
8197	14	178
1367	12	72
9231	10	137
4375	5	154
5884	12	72
6066	12	167
1591	15	4
2007	5	193
139	12	115
4138	12	115
4000	12	72
3425	14	178
9079	13	172
879	10	134
2929	12	72
4521	12	114
6115	13	173
8109	10	137
4813	5	112
4168	10	133
3857	2	23
4969	12	114
2709	12	25
703	12	29
8819	10	130
7197	12	29
505	12	72
6531	10	142
2503	14	184
1032	10	142
3350	12	72
2340	12	72
1950	16	191
8309	12	72
8327	12	115
4363	12	72
4533	2	75
8635	13	173
2215	12	25
2156	12	76
4472	12	72
7375	12	72
4667	1	12
5836	10	142
6386	2	40
3237	9	41
664	9	41
3726	12	72
1024	12	27
4497	10	142
4450	15	128
2385	12	72
3378	12	72
2830	9	41
7436	12	73
8217	12	25
6197	12	29
5632	12	70
1175	1	13
2948	12	72
5608	2	45
3205	10	130
1630	3	66
8550	10	137
968	10	42
2819	16	191
315	15	4
3950	12	72
5590	3	66
6350	10	142
8836	1	13
9117	16	191
1943	13	172
3487	10	135
7417	13	172
7252	15	128
3021	10	137
451	12	72
4356	10	142
1872	10	137
9216	12	27
3945	13	190
5607	12	114
826	10	142
8626	12	72
8199	12	26
91	7	87
7384	15	160
5953	12	72
4254	10	137
983	3	50
9118	10	142
5811	12	164
2314	4	69
1862	13	172
4990	10	137
3444	16	191
902	4	141
5090	10	134
8514	13	172
7997	12	115
3560	10	139
5361	1	11
6157	10	144
4029	12	163
1747	7	96
6354	12	72
7007	15	128
8642	4	157
7725	10	142
4618	10	134
2759	10	137
629	12	27
3853	12	72
2450	12	25
2796	16	191
5312	12	27
2615	13	175
8833	12	70
363	3	151
7750	16	191
6938	10	137
3767	16	191
3116	12	29
2216	12	156
1915	12	114
7912	12	25
9244	12	114
7556	12	27
7406	12	27
1939	12	115
4659	16	191
7694	12	72
609	10	142
9046	12	115
662	13	173
6045	12	72
8416	12	156
1692	16	191
6303	14	178
6348	9	126
5515	10	137
7167	12	72
9028	15	153
3252	12	25
1814	16	191
944	10	130
80	7	98
4998	16	191
5846	4	69
4514	10	130
1042	10	142
5643	12	27
157	12	115
5104	12	72
6889	12	72
8913	14	182
7341	12	72
1481	12	72
9353	3	58
2992	12	72
4747	16	191
6927	10	144
2087	16	191
734	12	72
713	10	144
1153	10	137
4190	5	193
7173	10	130
2991	10	134
5101	12	25
4638	12	76
4961	12	72
8559	1	19
8206	10	137
4469	3	58
7420	9	127
4350	2	23
5136	3	111
4536	10	142
8773	1	13
7589	10	144
8	12	25
1660	12	72
8512	10	144
1674	10	142
1601	12	70
1883	10	142
1555	12	82
5644	4	31
7948	16	191
453	10	139
4513	12	70
2880	12	25
461	12	29
1225	3	66
8825	12	70
7567	7	24
4713	14	178
165	12	25
7917	10	142
7763	12	27
8861	10	130
582	12	115
7025	12	27
7791	13	173
7054	15	4
167	12	72
2867	14	182
7647	12	72
1993	7	24
995	8	118
3830	16	191
3493	12	156
373	10	142
3835	10	134
731	10	142
848	10	42
8644	12	76
2228	12	72
8400	3	66
6961	3	58
7243	10	130
4924	12	72
3642	12	27
535	15	128
7149	10	144
1687	10	142
7617	12	114
7799	12	72
1128	12	72
8571	10	142
5189	3	58
7880	10	130
7368	10	139
7872	7	24
5023	15	128
423	12	72
2468	9	127
7276	10	142
7990	12	72
2370	10	142
2634	16	191
4487	12	25
1073	10	130
7921	10	142
4091	5	193
7716	10	144
5124	10	142
1609	10	142
2135	2	44
6583	12	25
9027	1	13
5559	16	191
5113	3	58
5326	7	94
3124	3	66
7889	10	130
9052	10	142
3626	5	112
3583	16	191
114	7	87
6495	12	70
7427	10	142
1237	12	27
5977	10	130
8462	10	130
4601	12	25
5927	10	142
6457	13	172
2665	12	72
760	12	25
5465	12	72
61	10	142
2239	16	191
2618	10	142
550	3	51
7200	16	191
6043	15	189
202	15	189
3345	12	25
3659	12	29
8085	3	50
7861	12	72
8060	14	178
5466	12	72
976	5	112
3877	10	130
7222	7	87
7901	14	178
212	12	72
1313	12	72
5960	10	137
1756	15	4
6964	3	58
2094	12	72
8358	13	173
3849	10	133
5246	10	133
1812	10	142
5737	12	72
6289	5	193
3075	14	184
4854	10	142
533	3	66
5086	10	142
763	1	19
1010	12	156
37	12	72
5758	12	72
4790	12	73
6861	12	25
5458	12	156
6411	12	27
8069	16	191
1094	12	114
815	10	144
840	10	142
994	9	126
2882	12	27
269	3	51
3613	12	27
8923	10	137
8716	12	72
2602	10	130
8015	12	72
7944	7	87
2379	12	27
2716	12	163
8371	3	66
1568	12	27
1161	10	130
1893	10	137
5589	13	172
8376	10	130
6322	12	72
687	12	115
2546	12	27
8808	12	70
1602	15	160
5217	10	142
572	2	46
5606	4	69
6559	12	72
9331	7	87
6718	13	175
2223	10	142
6856	10	142
6875	10	142
4896	15	153
3980	10	137
972	4	157
8669	3	58
8881	1	19
8689	12	72
6270	5	78
6435	12	72
374	10	142
2484	12	27
7795	3	51
5746	1	13
5628	12	76
3643	10	139
3791	12	72
5855	12	29
2290	15	4
137	12	82
2635	10	142
6995	4	69
4293	9	123
2894	12	70
3645	12	73
728	12	25
3863	13	175
3912	10	137
3294	5	193
6040	3	58
6788	13	172
5430	12	27
9063	10	142
937	7	94
3635	12	27
4499	10	142
8297	12	29
8417	10	134
1460	1	13
5007	7	24
5182	14	184
5547	12	72
4364	13	172
9120	15	128
5721	12	72
4225	10	142
6626	10	142
8012	15	4
6771	12	72
4943	14	184
1633	12	72
3914	1	13
5201	12	72
4726	13	173
1296	12	72
7587	10	142
281	12	72
6219	12	27
896	15	128
5578	12	72
497	10	142
1513	10	139
4827	12	72
6211	10	142
7205	13	172
5353	12	72
8788	10	137
8766	10	135
6913	12	163
1693	12	72
8795	3	111
6784	7	87
4885	12	72
8047	15	128
6488	10	142
6345	10	130
8727	3	50
9310	2	75
305	12	70
7552	10	144
5549	10	133
6249	12	73
6189	12	72
4692	12	115
9196	12	29
3002	12	115
6138	12	72
433	10	142
3015	3	58
6423	12	27
6098	5	147
5925	10	135
338	12	72
8046	12	72
7720	1	14
3655	13	172
625	12	72
517	12	29
3670	12	115
215	10	142
2802	10	130
6502	12	72
6179	12	82
9294	12	72
8176	10	133
3310	12	29
865	2	23
3264	1	20
5859	12	25
2896	12	72
6392	12	27
93	12	167
616	10	144
4400	12	72
2176	12	72
9159	12	72
5685	3	51
149	2	23
6798	7	107
3013	1	7
3993	7	24
6052	1	20
7802	10	137
7524	12	72
1292	12	27
3563	1	13
5725	10	131
9139	15	4
1034	3	111
4265	12	70
7827	12	72
6761	12	72
4691	10	130
6573	12	27
573	12	72
7537	10	42
4223	7	87
383	12	72
6797	12	72
2327	12	27
6700	10	142
6244	10	135
3921	3	51
4338	13	173
5409	10	130
7671	12	72
1420	1	13
5655	1	18
4997	3	51
6161	1	10
8903	12	72
3725	10	144
3792	12	72
2382	10	139
6357	12	27
8094	12	115
9090	10	142
5946	5	193
8365	1	13
2279	12	29
5527	10	144
3194	2	23
3361	16	191
8392	12	72
7278	2	23
5596	16	191
3499	16	191
9109	16	191
931	10	142
5416	12	72
571	12	72
4555	10	42
7310	12	72
5186	2	23
7446	13	172
1712	12	72
1473	10	144
2036	5	78
6221	15	189
2104	7	87
4909	10	142
4424	15	128
6956	10	144
8955	5	78
8266	10	137
6702	10	142
7933	7	106
4444	12	72
8748	13	172
7108	3	51
2846	16	191
6155	13	172
4461	3	51
387	10	139
9199	12	72
2220	10	142
7294	12	72
8268	12	72
6835	3	52
1312	16	191
3578	12	72
5689	5	78
2149	10	144
7928	3	51
4572	12	72
6238	2	23
1269	12	72
6921	12	72
7673	15	128
7385	2	23
5370	2	23
8467	3	151
6855	12	72
8627	12	72
696	15	85
5307	16	191
7005	10	130
2538	14	184
1722	10	133
5767	2	23
4304	12	72
4617	10	135
2611	12	72
673	12	72
1441	5	112
5601	8	116
5273	3	111
1870	3	151
7269	16	191
6247	10	130
3552	16	191
5613	16	191
8036	10	142
5195	10	144
9328	12	27
8751	16	191
2141	12	27
3913	12	72
1518	12	72
6474	12	72
2970	1	17
6131	10	137
2786	16	191
4390	10	135
1002	13	173
2058	10	137
9114	12	72
2833	10	130
4260	13	172
7215	13	173
3346	1	9
5573	10	142
3904	10	142
4979	10	130
2471	2	75
4040	16	191
3808	10	137
1686	12	72
633	8	116
1553	16	191
2380	10	135
5519	10	144
8313	7	87
4206	3	53
1324	12	72
2889	10	134
3691	10	135
4454	3	111
2117	4	157
9342	12	114
5969	16	191
9209	12	72
4661	13	174
3935	10	142
3332	5	78
6857	16	191
2861	3	51
8100	4	157
462	3	51
8323	2	44
8686	12	72
1631	10	144
3965	13	173
4650	15	128
8554	13	175
5378	12	27
2904	10	142
5652	10	142
3554	12	70
5244	10	144
6134	12	72
2773	1	13
4337	12	70
5058	4	69
5593	4	168
1287	7	98
6475	9	123
5522	14	178
4357	10	130
6586	12	72
4762	1	13
7014	10	135
4242	7	87
4276	12	70
7860	12	72
8535	12	72
3198	3	59
6079	3	111
9155	10	42
6169	10	130
3136	10	134
2297	12	72
3115	12	70
1385	13	172
5094	4	188
7072	4	158
6605	7	87
7459	16	191
6002	4	69
4014	12	72
4755	9	126
5651	1	13
2890	12	115
1536	1	7
5712	5	193
570	10	142
4550	12	27
4836	12	27
3918	9	126
4982	3	66
2974	7	106
5630	10	142
7595	16	191
446	7	87
4133	10	137
8967	3	151
7698	12	72
7662	3	58
2383	4	168
8542	12	72
3256	10	137
2921	12	72
498	10	142
6643	1	7
5456	7	87
649	15	160
5300	12	72
3306	13	174
6058	10	137
3076	16	191
1449	12	72
6783	12	72
9097	10	142
7684	16	191
6293	10	139
3599	2	39
5714	12	27
5821	10	144
9223	10	130
4064	3	111
4038	9	123
1095	12	27
8800	13	173
5669	7	87
127	12	27
6383	7	87
1241	16	191
6447	5	112
2132	10	144
1377	3	51
2762	12	114
4944	16	191
8969	12	72
1702	10	144
3036	10	144
5383	7	162
2236	10	130
2696	10	139
8504	10	42
4788	12	72
2822	12	70
5563	16	191
9211	15	85
7626	10	137
4407	8	116
1771	5	112
5926	12	72
7177	12	25
2685	12	25
8598	10	134
6347	12	27
8991	12	72
1551	1	13
4930	15	4
493	12	27
4380	10	139
6420	10	142
4414	14	178
2887	12	27
5874	10	137
1261	12	115
1554	10	137
5402	7	87
7746	12	72
5727	12	72
2118	12	72
3668	4	141
5636	16	191
6980	10	142
7988	12	167
4668	3	111
4898	10	142
3151	10	144
2626	10	134
3952	10	144
8781	12	82
2369	12	25
2440	9	126
3157	10	142
2596	1	13
3482	10	135
210	1	13
9323	3	58
8814	12	115
5980	12	76
3662	10	142
121	3	51
1806	10	134
3664	14	185
6664	10	142
7254	10	137
6635	10	144
9275	12	70
3780	10	144
7749	12	27
3165	1	13
6694	10	144
6499	13	190
8610	16	191
8440	16	191
7812	3	111
5394	3	51
4435	4	188
8824	12	27
2658	10	144
9108	10	137
7279	10	142
7456	1	17
3081	12	72
4738	3	63
7687	10	142
8575	13	173
2525	13	173
7393	12	25
2222	10	137
2943	16	191
6225	10	142
8912	10	142
3382	16	191
1315	12	73
3989	10	142
3705	12	70
5467	10	137
8829	10	130
3173	10	83
7656	10	130
6561	12	27
3928	10	137
4371	9	123
232	3	66
4922	12	72
7821	12	82
8918	10	142
1641	12	76
3663	16	191
8211	10	142
1529	12	70
3647	8	116
9367	12	70
1594	10	142
578	10	142
8546	5	112
3072	12	167
7134	12	70
8947	16	191
5994	10	142
2480	10	130
7280	10	142
5602	15	128
4489	16	191
1907	1	13
7667	4	141
6578	12	72
4347	9	123
3320	10	130
882	13	173
1103	4	141
3594	10	142
4455	10	142
4031	5	112
9212	10	142
2171	10	139
3955	7	86
3203	10	130
5673	12	115
4757	12	72
1927	12	72
2012	12	114
2229	12	27
4859	12	72
2274	10	130
1732	12	115
1418	12	115
6642	12	70
5142	15	128
6723	10	137
8563	16	191
659	16	191
6476	10	137
2443	14	178
5263	10	142
8447	10	142
5304	12	72
5477	10	130
3433	10	142
1665	10	139
2763	10	137
3030	12	70
4386	13	173
6690	10	142
2632	12	72
6955	15	128
1274	12	70
8082	10	137
5474	10	142
5935	12	114
833	12	70
6029	12	72
1348	10	130
769	10	144
1924	4	141
1322	12	25
5658	16	191
3970	12	163
1912	13	173
156	12	72
7212	12	156
8725	12	72
7318	12	72
2732	12	72
3753	12	72
6928	12	72
2684	10	137
8840	12	72
936	10	135
6614	12	73
4452	12	72
3413	8	116
3507	12	72
3288	10	142
4874	12	72
7022	12	163
6808	5	112
1064	12	72
1393	14	178
8488	12	72
4129	12	72
8987	7	108
8549	4	141
5279	10	144
1360	12	76
8424	12	76
5112	12	29
2744	12	72
8811	12	72
3972	10	137
4500	12	70
1157	12	70
6885	12	27
6433	10	144
8360	10	142
1146	12	72
7168	8	118
6895	10	137
5060	12	72
3221	10	142
645	12	72
4273	10	142
3336	12	70
7325	12	76
6650	10	142
8095	10	137
1340	12	72
7118	10	137
6035	10	130
8638	12	72
6494	12	114
1227	10	142
5216	15	128
7182	16	191
2935	12	72
2661	12	29
7931	10	137
912	10	142
7575	10	142
265	10	144
8710	10	142
1040	10	137
8191	12	115
2433	3	51
2718	12	72
150	12	72
1621	12	27
6880	12	72
4127	12	76
5814	16	191
4485	10	42
7612	10	144
1832	10	144
8419	12	72
2854	12	70
1953	10	130
4613	12	72
8479	10	142
1985	10	142
6997	10	137
2650	10	142
2553	12	29
8272	12	70
8087	12	72
2026	10	142
4573	10	139
3022	12	72
352	1	13
1469	12	27
7510	16	191
7179	10	144
7008	7	94
3255	12	72
3302	10	142
1945	8	116
4560	12	163
6770	10	142
226	12	27
2713	10	144
7627	12	73
3681	12	72
6537	12	72
1517	12	72
7082	10	142
4679	10	142
589	12	72
2401	10	144
8816	12	115
7088	12	72
2232	13	172
7038	10	137
4908	10	142
4468	13	172
7147	12	72
8326	16	191
2177	12	72
6336	10	139
8761	10	142
8050	12	115
7112	10	130
3228	10	144
4923	12	25
3602	10	137
3540	10	130
9317	7	106
2063	10	139
9172	2	45
4754	10	142
1148	16	191
6145	10	133
6149	13	172
8837	3	58
66	12	72
362	12	72
7223	10	142
2595	12	156
7461	12	115
4582	12	72
4901	12	72
6365	10	142
4881	10	142
3631	12	115
5825	12	72
8876	3	51
4360	12	72
6534	7	94
8445	12	72
3191	10	42
2281	10	139
5533	10	130
2504	12	73
3084	12	72
4615	12	27
6050	2	23
3555	10	144
529	12	82
9265	12	165
732	10	142
7043	10	130
9078	10	142
6724	10	139
5145	12	76
